<?xml version="1.0"?>
<!DOCTYPE module PUBLIC
        "-//Checkstyle//DTD Checkstyle Configuration 1.3//EN"
        "https://checkstyle.org/dtds/configuration_1_3.dtd">

<module name="Checker">
  <property name="charset" value="UTF-8"/>
  <property name="haltOnException" value="false"/>

  <property name="cacheFile" value="target/cache_input_resources"/>

  <!-- Suppressions for resources -->
  <module name="SuppressionFilter">
    <property name="file"
             value="${project.basedir}/config/checkstyle_input_suppressions.xml"/>
  </module>

  <module name="RegexpSingleline">
    <property name="id" value="noCheckstyleInInputs"/>
    <property name="format" value="import com.puppycrawl.tools.checkstyle"/>
    <property name="fileExtensions" value="java"/>
    <property name="message" value="Inputs should not reference checkstyle's own files"/>
  </module>

  <module name="TreeWalker">
    <module name="Regexp">
      <property name="id" value="StyleValidationCommentInInputs"/>
      <property name="format"
               value="(\/\/ (ok|violation|\d violations|filtered violation))"/>
      <message key="required.regexp"
             value="All check input files in the ''src/(it|test)/resources*/'' folder must
                   have trailing comments &quot;// ok&quot; and/or &quot;// violation&quot;."/>
    </module>
  </module>
</module>
