<?xml version="1.0"?>

<!DOCTYPE suppressions PUBLIC
  "-//Checkstyle//DTD SuppressionFilter Configuration 1.1//EN"
  "https://checkstyle.org/dtds/suppressions_1_1.dtd">

<suppressions>

  <!-- intentional problem for testing -->
  <suppress checks="PackageDeclarationCheck"
    files="packagedeclaration[\\/]InputPackageDeclarationNoPackage\.java"/>
  <suppress checks="PackageDeclarationCheck"
    files="[\\/]resources-noncompilable[\\/].*[\\/]packagedeclaration[\\/]Input.*\.java"/>

  <!-- intentional problem for testing -->
  <suppress checks="PackageDeclarationCheck"
    files="InputFinalClassClassWithPrivateCtorWithNestedExtendingClassWithoutPackage\.java"/>

  <!-- intentional problem for testing -->
  <suppress checks="PackageDeclarationCheck"
    files="customimportorder[\\/]InputCustomImportOrderNoPackage\.java"/>
  <suppress checks="PackageDeclarationCheck"
    files="customimportorder[\\/]InputCustomImportOrderNoPackage2\.java"/>
  <suppress checks="PackageDeclarationCheck"
    files="customimportorder[\\/]InputCustomImportOrderNoPackage3\.java"/>
  <suppress checks="PackageDeclarationCheck"
    files="customimportorder[\\/]InputCustomImportOrderDefaultPackage\.java"/>
  <suppress checks="PackageDeclarationCheck"
    files="customimportorder[\\/]InputCustomImportOrderSamePackage\.java"/>
  <suppress checks="PackageDeclarationCheck"
    files="customimportorder[\\/]InputCustomImportOrderSamePackage2\.java"/>
  <suppress checks="PackageDeclarationCheck"
    files="customimportorder[\\/]InputCustomImportOrderSamePackageDepth25\.java"/>
  <suppress checks="PackageDeclarationCheck"
    files="customimportorder[\\/]InputCustomImportOrderSamePackageDepth252\.java"/>
  <suppress checks="PackageDeclarationCheck"
    files="customimportorder[\\/]InputCustomImportOrderSamePackageDepth253\.java"/>
  <suppress checks="PackageDeclarationCheck"
    files="customimportorder[\\/]InputCustomImportOrderSamePackageDepth254\.java"/>
  <!-- intentional problem for testing -->
  <suppress checks="PackageDeclarationCheck"
    files="illegalinstantiation[\\/]InputIllegalInstantiationNoPackage\.java"/>
  <suppress checks="PackageDeclarationCheck"
    files="illegalinstantiation[\\/]InputIllegalInstantiationLang\d*\.java"/>

  <!-- intentional problem for testing -->
  <suppress checks="PackageDeclarationCheck"
    files="redundantimport[\\/]InputRedundantImport_UnnamedPackage\.java"/>

  <!-- intentional problem for testing -->
  <suppress checks="PackageDeclarationCheck"
    files="unusedimports[\\/]InputUnusedImportsFileInUnnamedPackage\.java"/>

  <!-- intentional problem for testing -->
  <suppress checks="PackageDeclarationCheck"
            files="unusedimports[\\/]InputUnusedImportsSingleWordPackage\.java"/>

  <!-- intentional problem for testing -->
  <suppress checks="PackageDeclarationCheck"
    files="linelength[\\/]InputLineLengthLongPackageStatement\.java"/>

  <!-- intentional problem for testing -->
  <suppress checks="PackageDeclarationCheck"
    files="unusedlocalvariable[\\/]InputUnusedLocalVariableWithoutPackageStatement\.java"/>

  <!-- intentional problem for testing -->
  <suppress checks="OuterTypeFilename"
    files="[\\/]InputOuterType.*\.java"/>
  <suppress checks="OuterTypeFilename"
    files="rule522typenames[\\/]InputTypeName\.java"/>
  <suppress checks="OuterTypeFilename"
    files="outertypefilename[\\/]InputOuterTypeFilenameNoPublic\.java"/>
  <suppress checks="OuterTypeFilename"
    files="[\\/]package-info\.java"/>
  <suppress checks="OuterTypeFilename"
    files="src[\\/]it[\\/]resources[\\/].*[\\/]SuppressionXpathRegressionOuterTypeFilename.*\.java"/>

  <!-- intentional problem for testing -->
  <suppress id="noTrailingWhitespace"
    files="[\\/]InputJavadocContentLocationTrailingSpace\.java"/>
  <suppress id="noTrailingWhitespace"
    files="[\\/]InputJavadocParagraphCorrect\.java"/>
  <suppress id="noTrailingWhitespace"
    files="[\\/]InputJavadocTagContinuationIndentationGuavaFalsePositive\.java"/>
  <suppress id="noTrailingWhitespace"
    files="[\\/]InputRegexpTrailingComment10\.java"/>
  <suppress id="noTrailingWhitespace"
    files="[\\/]InputRegexpSinglelineJavaTrailingComment10\.java"/>

  <!-- intentional problem for testing -->
  <suppress checks="FileTabCharacter"
    files="[\\/]InputJavadocWithCrAsNewline\.javadoc"/>
  <suppress checks="FileTabCharacter"
    files="[\\/]InputLeadingAsterisksExtended\.javadoc"/>
  <suppress checks="FileTabCharacter"
    files="[\\/]InputListWithUnclosedItemInUnclosedParagraph\.javadoc"/>
  <suppress checks="FileTabCharacter"
    files="[\\/]InputMixedCaseOfHtmlTags\.javadoc"/>
  <suppress checks="FileTabCharacter"
    files="[\\/]InputUnclosedParagraphFollowedByJavadocTag\.javadoc"/>
  <suppress checks="FileTabCharacter"
    files="[\\/]InputFileTabCharacter\.java"/>
  <suppress checks="FileTabCharacter"
    files="[\\/]InputMainGenerateXpathSuppressionsTabWidth\.java"/>
  <suppress checks="FileTabCharacter"
    files="[\\/]InputXpathQueryGeneratorTabWidth\.java"/>
  <suppress checks="FileTabCharacter"
    files="[\\/]InputFileTabCharacterSimple\.java"/>
  <suppress checks="FileTabCharacter"
    files="[\\/]InputFileTabCharacterSimple1\.java"/>
  <suppress checks="FileTabCharacter"
    files="[\\/]InputCheckerTabCharacter\.txt"/>
  <suppress checks="FileTabCharacter"
    files="src[\\/]test[\\/]resources[\\/]com[\\/]puppycrawl[\\/]tools[\\/]checkstyle[\\/]checks[\\/]indentation[\\/]indentation[\\/]Input.*\.java"/>
  <suppress checks="FileTabCharacter"
    files="src[\\/]test[\\/]resources[\\/]com[\\/]puppycrawl[\\/]tools[\\/]checkstyle[\\/]filters[\\/]suppresswithplaintextcommentfilter[\\/]Input.*"/>
  <suppress checks="FileTabCharacter"
    files="[\\/]InputRegressionJavaClass1\.java"/>
  <suppress checks="FileTabCharacter"
    files="[\\/]InputComments2\.java"/>
  <suppress checks="FileTabCharacter"
    files="[\\/]InputMainSuppressionsStringPrinter\.java"/>
  <suppress checks="FileTabCharacter"
    files="[\\/]InputXpathFileGeneratorAstFilter\.java"/>
  <suppress checks="FileTabCharacter"
    files="[\\/]InputNoLineWrapBad\.java"/>
  <suppress checks="FileTabCharacter"
    files="[\\/]InputNoLineWrapBad2\.java"/>
  <suppress checks="FileTabCharacter"
    files="[\\/]InputAstTreeStringPrinterFullOfBlockComments\.java"/>
  <suppress checks="FileTabCharacter"
    files="[\\/]InputAstTreeStringPrinterJavadocPosition\.java"/>
  <suppress checks="FileTabCharacter"
    files="[\\/]InputAstTreeStringPrinterComments\.java"/>
  <suppress checks="FileTabCharacter"
    files="[\\/]InputIllegalInstantiationLang\d*\.java"/>
  <suppress checks="FileTabCharacter"
    files="[\\/]InputMagicNumberAnnotationElement\.java"/>
  <suppress checks="FileTabCharacter"
    files="[\\/]InputInnerTypeLastClass\.java"/>
  <suppress checks="FileTabCharacter"
    files="[\\/]InputJavadocMissingWhitespaceAfterAsteriskValidWithTab\.java"/>
  <suppress checks="FileTabCharacter"
    files="[\\/]InputAbbreviationAsWordInNameOverridableMethod\.java"/>
  <suppress checks="FileTabCharacter"
    files="[\\/]InputAbbreviationAsWordInNameType\.java"/>
  <suppress checks="FileTabCharacter"
    files="[\\/]InputLineLengthSimple\.java"/>
  <suppress checks="FileTabCharacter"
    files="[\\/]InputLineLengthSimple1\.java"/>
  <suppress checks="FileTabCharacter"
    files="[\\/]InputTodoCommentSimple\.java"/>
  <suppress checks="FileTabCharacter"
    files="[\\/]InputWhitespaceAroundSimple\.java"/>
  <suppress checks="FileTabCharacter"
    files="[\\/]InputWhitespaceAroundEmptyTypesAndCycles\.java"/>
  <suppress checks="FileTabCharacter"
    files="[\\/]InputWhitespaceAfterDefaultConfig\.java"/>
  <suppress checks="FileTabCharacter"
    files="[\\/]InputSingleSpaceSeparatorComments\.java"/>
  <suppress checks="FileTabCharacter"
    files="[\\/]InputSingleSpaceSeparatorErrors\.java"/>
  <suppress checks="FileTabCharacter"
    files="[\\/]InputParenPadWhitespace\.java"/>
  <suppress checks="FileTabCharacter"
    files="[\\/]InputNoWhitespaceBeforeTextBlocksTabIndent\.java"/>
  <suppress checks="FileTabCharacter"
    files="[\\/]InputJava14TextBlocksTabSize\.java"/>

  <!-- This file must not have a package statement, for testing purposes -->
  <suppress checks="PackageDeclarationCheck"
            files="[\\/]InputAstTreeStringPrinterTextBlocksEscapesAreOneChar\.java"/>

  <!-- Until https://github.com/checkstyle/checkstyle/issues/11163 -->
  <suppress checks="FileLength"
    files="[\\/]test[\\/]resources[\\/]com[\\/]puppycrawl[\\/]tools[\\/]checkstyle[\\/]checks[\\/]javadoc[\\/]nonemptyatclausedescription[\\/]InputNonEmptyAtclauseDescription\.java"/>
  <suppress checks="FileLength"
    files="[\\/]test[\\/]resources[\\/]com[\\/]puppycrawl[\\/]tools[\\/]checkstyle[\\/]checks[\\/]javadoc[\\/]javadocstyle[\\/]InputJavadocStyle2\.java"/>
  <suppress checks="FileLength"
    files="[\\/]test[\\/]resources[\\/]com[\\/]puppycrawl[\\/]tools[\\/]checkstyle[\\/]checks[\\/]javadoc[\\/]javadocstyle[\\/]InputJavadocStyle8\.java"/>
  <suppress checks="FileLength"
    files="[\\/]test[\\/]resources[\\/]com[\\/]puppycrawl[\\/]tools[\\/]checkstyle[\\/]checks[\\/]javadoc[\\/]javadocstyle[\\/]InputJavadocStyle4\.java"/>
  <suppress checks="FileLength"
    files="[\\/]test[\\/]resources[\\/]com[\\/]puppycrawl[\\/]tools[\\/]checkstyle[\\/]checks[\\/]javadoc[\\/]javadocstyle[\\/]InputJavadocStyleNoJavadoc\.java"/>
  <suppress checks="FileLength"
    files="[\\/]test[\\/]resources[\\/]com[\\/]puppycrawl[\\/]tools[\\/]checkstyle[\\/]checks[\\/]javadoc[\\/]javadocstyle[\\/]InputJavadocStyle10\.java"/>
  <suppress checks="FileLength"
    files="[\\/]test[\\/]resources[\\/]com[\\/]puppycrawl[\\/]tools[\\/]checkstyle[\\/]checks[\\/]javadoc[\\/]javadocstyle[\\/]InputJavadocStyle6\.java"/>
  <suppress checks="FileLength"
    files="[\\/]test[\\/]resources[\\/]com[\\/]puppycrawl[\\/]tools[\\/]checkstyle[\\/]checks[\\/]javadoc[\\/]javadocstyle[\\/]InputJavadocStyle7\.java"/>
  <suppress checks="FileLength"
    files="[\\/]test[\\/]resources[\\/]com[\\/]puppycrawl[\\/]tools[\\/]checkstyle[\\/]checks[\\/]javadoc[\\/]javadocstyle[\\/]InputJavadocStyle9\.java"/>
  <suppress checks="FileLength"
    files="[\\/]test[\\/]resources[\\/]com[\\/]puppycrawl[\\/]tools[\\/]checkstyle[\\/]checks[\\/]javadoc[\\/]javadocstyle[\\/]InputJavadocStyle1\.java"/>
  <suppress checks="FileLength"
    files="[\\/]test[\\/]resources[\\/]com[\\/]puppycrawl[\\/]tools[\\/]checkstyle[\\/]checks[\\/]javadoc[\\/]javadocstyle[\\/]InputJavadocStyle5\.java"/>
  <suppress checks="FileLength"
    files="[\\/]test[\\/]resources[\\/]com[\\/]puppycrawl[\\/]tools[\\/]checkstyle[\\/]checks[\\/]javadoc[\\/]javadocstyle[\\/]InputJavadocStyle3\.java"/>
  <suppress checks="FileLength"
    files="[\\/]test[\\/]resources[\\/]com[\\/]puppycrawl[\\/]tools[\\/]checkstyle[\\/]checks[\\/]javadoc[\\/]abstractjavadoc[\\/]InputAbstractJavadocPosition\.java"/>
  <suppress checks="FileLength"
    files="[\\/]test[\\/]resources[\\/]com[\\/]puppycrawl[\\/]tools[\\/]checkstyle[\\/]checks[\\/]javadoc[\\/]abstractjavadoc[\\/]InputAbstractJavadocPositionWithSinglelineComments\.java"/>
  <suppress checks="FileLength"
    files="[\\/]test[\\/]resources[\\/]com[\\/]puppycrawl[\\/]tools[\\/]checkstyle[\\/]checks[\\/]javadoc[\\/]abstractjavadoc[\\/]InputAbstractJavadocNonTightHtmlTagsNoViolation\.java"/>
  <suppress checks="FileLength"
    files="[\\/]test[\\/]resources[\\/]com[\\/]puppycrawl[\\/]tools[\\/]checkstyle[\\/]checks[\\/]javadoc[\\/]abstractjavadoc[\\/]InputAbstractJavadocCorrectParagraph\.java"/>
  <suppress checks="FileLength"
    files="[\\/]test[\\/]resources[\\/]com[\\/]puppycrawl[\\/]tools[\\/]checkstyle[\\/]checks[\\/]javadoc[\\/]abstractjavadoc[\\/]InputAbstractJavadocNonTightHtmlTagsVisitCount\.java"/>
  <suppress checks="FileLength"
    files="[\\/]test[\\/]resources[\\/]com[\\/]puppycrawl[\\/]tools[\\/]checkstyle[\\/]checks[\\/]javadoc[\\/]abstractjavadoc[\\/]InputAbstractJavadocNonTightHtmlTags\.java"/>
  <suppress checks="FileLength"
    files="[\\/]test[\\/]resources[\\/]com[\\/]puppycrawl[\\/]tools[\\/]checkstyle[\\/]checks[\\/]javadoc[\\/]abstractjavadoc[\\/]InputAbstractJavadocLeaveToken\.java"/>
  <suppress checks="FileLength"
    files="[\\/]test[\\/]resources[\\/]com[\\/]puppycrawl[\\/]tools[\\/]checkstyle[\\/]checks[\\/]javadoc[\\/]missingjavadoctype[\\/]InputMissingJavadocTypeNoJavadoc3\.java"/>
  <suppress checks="FileLength"
    files="[\\/]test[\\/]resources[\\/]com[\\/]puppycrawl[\\/]tools[\\/]checkstyle[\\/]checks[\\/]javadoc[\\/]missingjavadoctype[\\/]InputMissingJavadocTypeNoJavadoc2\.java"/>
  <suppress checks="FileLength"
    files="[\\/]test[\\/]resources[\\/]com[\\/]puppycrawl[\\/]tools[\\/]checkstyle[\\/]checks[\\/]javadoc[\\/]missingjavadoctype[\\/]InputMissingJavadocTypePublicOnly2\.java"/>
  <suppress checks="FileLength"
    files="[\\/]test[\\/]resources[\\/]com[\\/]puppycrawl[\\/]tools[\\/]checkstyle[\\/]checks[\\/]javadoc[\\/]missingjavadoctype[\\/]InputMissingJavadocTypePublicOnly1\.java"/>
  <suppress checks="FileLength"
    files="[\\/]test[\\/]resources[\\/]com[\\/]puppycrawl[\\/]tools[\\/]checkstyle[\\/]checks[\\/]javadoc[\\/]missingjavadoctype[\\/]InputMissingJavadocTypeNoJavadoc1\.java"/>
  <suppress checks="FileLength"
    files="[\\/]test[\\/]resources[\\/]com[\\/]puppycrawl[\\/]tools[\\/]checkstyle[\\/]checks[\\/]javadoc[\\/]missingjavadoctype[\\/]InputMissingJavadocTypeTags\.java"/>
  <suppress checks="FileLength"
    files="[\\/]test[\\/]resources[\\/]com[\\/]puppycrawl[\\/]tools[\\/]checkstyle[\\/]checks[\\/]javadoc[\\/]javadoctagcontinuationindentation[\\/]InputJavadocTagContinuationIndentation\.java"/>
  <suppress checks="FileLength"
    files="[\\/]test[\\/]resources[\\/]com[\\/]puppycrawl[\\/]tools[\\/]checkstyle[\\/]checks[\\/]javadoc[\\/]javadocvariable[\\/]InputJavadocVariableNoJavadoc\.java"/>
  <suppress checks="FileLength"
    files="[\\/]test[\\/]resources[\\/]com[\\/]puppycrawl[\\/]tools[\\/]checkstyle[\\/]checks[\\/]javadoc[\\/]javadocvariable[\\/]InputJavadocVariableNoJavadoc5\.java"/>
  <suppress checks="FileLength"
    files="[\\/]test[\\/]resources[\\/]com[\\/]puppycrawl[\\/]tools[\\/]checkstyle[\\/]checks[\\/]javadoc[\\/]javadocvariable[\\/]InputJavadocVariablePublicOnly\.java"/>
  <suppress checks="FileLength"
    files="[\\/]test[\\/]resources[\\/]com[\\/]puppycrawl[\\/]tools[\\/]checkstyle[\\/]checks[\\/]javadoc[\\/]javadocvariable[\\/]InputJavadocVariableTags\.java"/>
  <suppress checks="FileLength"
    files="[\\/]test[\\/]resources[\\/]com[\\/]puppycrawl[\\/]tools[\\/]checkstyle[\\/]checks[\\/]javadoc[\\/]javadocvariable[\\/]InputJavadocVariableNoJavadoc4\.java"/>
  <suppress checks="FileLength"
    files="[\\/]test[\\/]resources[\\/]com[\\/]puppycrawl[\\/]tools[\\/]checkstyle[\\/]checks[\\/]javadoc[\\/]javadocvariable[\\/]InputJavadocVariableNoJavadoc2\.java"/>
  <suppress checks="FileLength"
    files="[\\/]test[\\/]resources[\\/]com[\\/]puppycrawl[\\/]tools[\\/]checkstyle[\\/]checks[\\/]javadoc[\\/]javadocvariable[\\/]InputJavadocVariablePublicOnly2\.java"/>
  <suppress checks="FileLength"
    files="[\\/]test[\\/]resources[\\/]com[\\/]puppycrawl[\\/]tools[\\/]checkstyle[\\/]checks[\\/]javadoc[\\/]javadocvariable[\\/]InputJavadocVariableNoJavadoc3\.java"/>
  <suppress checks="FileLength"
    files="[\\/]test[\\/]resources[\\/]com[\\/]puppycrawl[\\/]tools[\\/]checkstyle[\\/]checks[\\/]javadoc[\\/]atclauseorder[\\/]InputAtclauseOrderIncorrectCustom\.java"/>
  <suppress checks="FileLength"
    files="[\\/]test[\\/]resources[\\/]com[\\/]puppycrawl[\\/]tools[\\/]checkstyle[\\/]checks[\\/]javadoc[\\/]atclauseorder[\\/]InputAtclauseOrderIncorrect\.java"/>
  <suppress checks="FileLength"
    files="[\\/]test[\\/]resources[\\/]com[\\/]puppycrawl[\\/]tools[\\/]checkstyle[\\/]checks[\\/]javadoc[\\/]atclauseorder[\\/]InputAtclauseOrderCorrect\.java"/>
  <suppress checks="FileLength"
    files="[\\/]test[\\/]resources[\\/]com[\\/]puppycrawl[\\/]tools[\\/]checkstyle[\\/]checks[\\/]javadoc[\\/]javadocmethod[\\/]InputJavadocMethodPublicOnly\.java"/>
  <suppress checks="FileLength"
    files="[\\/]test[\\/]resources[\\/]com[\\/]puppycrawl[\\/]tools[\\/]checkstyle[\\/]checks[\\/]javadoc[\\/]javadocmethod[\\/]InputJavadocMethodTags\.java"/>
  <suppress checks="FileLength"
    files="[\\/]test[\\/]resources[\\/]com[\\/]puppycrawl[\\/]tools[\\/]checkstyle[\\/]checks[\\/]javadoc[\\/]javadocmethod[\\/]InputJavadocMethodExtraThrows\.java"/>
  <suppress checks="FileLength"
    files="[\\/]test[\\/]resources[\\/]com[\\/]puppycrawl[\\/]tools[\\/]checkstyle[\\/]checks[\\/]javadoc[\\/]javadocmethod[\\/]InputJavadocMethodThrowsDetection\.java"/>
  <suppress checks="FileLength"
    files="[\\/]test[\\/]resources[\\/]com[\\/]puppycrawl[\\/]tools[\\/]checkstyle[\\/]checks[\\/]javadoc[\\/]javadocmethod[\\/]InputJavadocMethodIgnoreThrows\.java"/>
  <suppress checks="FileLength"
    files="[\\/]test[\\/]resources[\\/]com[\\/]puppycrawl[\\/]tools[\\/]checkstyle[\\/]checks[\\/]javadoc[\\/]javadocmethod[\\/]InputJavadocMethodNoJavadocDefault\.java"/>
  <suppress checks="FileLength"
    files="[\\/]test[\\/]resources[\\/]com[\\/]puppycrawl[\\/]tools[\\/]checkstyle[\\/]checks[\\/]javadoc[\\/]javadocmethod[\\/]InputJavadocMethodSurroundingAccessModifier\.java"/>
  <suppress checks="FileLength"
    files="[\\/]test[\\/]resources[\\/]com[\\/]puppycrawl[\\/]tools[\\/]checkstyle[\\/]checks[\\/]javadoc[\\/]javadocmethod[\\/]InputJavadocMethodNoJavadocOnlyPrivateScope\.java"/>
  <suppress checks="FileLength"
    files="[\\/]test[\\/]resources[\\/]com[\\/]puppycrawl[\\/]tools[\\/]checkstyle[\\/]checks[\\/]javadoc[\\/]javadocmethod[\\/]InputJavadocMethodNoJavadocProtectedScope\.java"/>
  <suppress checks="FileLength"
    files="[\\/]test[\\/]resources[\\/]com[\\/]puppycrawl[\\/]tools[\\/]checkstyle[\\/]checks[\\/]javadoc[\\/]javadocmethod[\\/]InputJavadocMethodPublicOnly1\.java"/>
  <suppress checks="FileLength"
    files="[\\/]test[\\/]resources[\\/]com[\\/]puppycrawl[\\/]tools[\\/]checkstyle[\\/]checks[\\/]javadoc[\\/]javadocmethod[\\/]InputJavadocMethodProtectedScopeJavadoc\.java"/>
  <suppress checks="FileLength"
    files="[\\/]test[\\/]resources[\\/]com[\\/]puppycrawl[\\/]tools[\\/]checkstyle[\\/]checks[\\/]javadoc[\\/]javadoctype[\\/]InputJavadocTypePublicOnly1\.java"/>
  <suppress checks="FileLength"
    files="[\\/]test[\\/]resources[\\/]com[\\/]puppycrawl[\\/]tools[\\/]checkstyle[\\/]checks[\\/]javadoc[\\/]javadoctype[\\/]InputJavadocTypeNoJavadoc\.java"/>
  <suppress checks="FileLength"
    files="[\\/]test[\\/]resources[\\/]com[\\/]puppycrawl[\\/]tools[\\/]checkstyle[\\/]checks[\\/]javadoc[\\/]javadoctype[\\/]InputJavadocTypeNoJavadoc_1\.java"/>
  <suppress checks="FileLength"
    files="[\\/]test[\\/]resources[\\/]com[\\/]puppycrawl[\\/]tools[\\/]checkstyle[\\/]checks[\\/]javadoc[\\/]javadoctype[\\/]InputJavadocTypePublicOnly\.java"/>
  <suppress checks="FileLength"
    files="[\\/]test[\\/]resources[\\/]com[\\/]puppycrawl[\\/]tools[\\/]checkstyle[\\/]checks[\\/]javadoc[\\/]javadoctype[\\/]InputJavadocTypeNoJavadoc_2\.java"/>
  <suppress checks="FileLength"
    files="[\\/]test[\\/]resources[\\/]com[\\/]puppycrawl[\\/]tools[\\/]checkstyle[\\/]checks[\\/]javadoc[\\/]javadoctype[\\/]InputJavadocTypeTags\.java"/>
  <suppress checks="FileLength"
    files="[\\/]test[\\/]resources[\\/]com[\\/]puppycrawl[\\/]tools[\\/]checkstyle[\\/]checks[\\/]javadoc[\\/]javadoctype[\\/]InputJavadocTypeJavadoc_1\.java"/>
  <suppress checks="FileLength"
    files="[\\/]test[\\/]resources[\\/]com[\\/]puppycrawl[\\/]tools[\\/]checkstyle[\\/]checks[\\/]javadoc[\\/]javadoctype[\\/]InputJavadocTypeJavadoc_2\.java"/>
  <suppress checks="FileLength"
    files="[\\/]test[\\/]resources[\\/]com[\\/]puppycrawl[\\/]tools[\\/]checkstyle[\\/]checks[\\/]javadoc[\\/]javadoctype[\\/]InputJavadocTypeJavadoc\.java"/>
  <suppress checks="FileLength"
    files="[\\/]test[\\/]resources[\\/]com[\\/]puppycrawl[\\/]tools[\\/]checkstyle[\\/]checks[\\/]javadoc[\\/]javadoctype[\\/]InputJavadocTypeJavadoc_3\.java"/>
  <suppress checks="FileLength"
    files="[\\/]test[\\/]resources[\\/]com[\\/]puppycrawl[\\/]tools[\\/]checkstyle[\\/]checks[\\/]javadoc[\\/]summaryjavadoc[\\/]InputSummaryJavadocInlineDefault\.java"/>
  <suppress checks="FileLength"
    files="[\\/]test[\\/]resources[\\/]com[\\/]puppycrawl[\\/]tools[\\/]checkstyle[\\/]checks[\\/]javadoc[\\/]summaryjavadoc[\\/]InputSummaryJavadocIncorrect2\.java"/>
  <suppress checks="FileLength"
    files="[\\/]test[\\/]resources[\\/]com[\\/]puppycrawl[\\/]tools[\\/]checkstyle[\\/]checks[\\/]javadoc[\\/]summaryjavadoc[\\/]InputSummaryJavadocInlineCorrect\.java"/>
  <suppress checks="FileLength"
    files="[\\/]test[\\/]resources[\\/]com[\\/]puppycrawl[\\/]tools[\\/]checkstyle[\\/]checks[\\/]javadoc[\\/]summaryjavadoc[\\/]InputSummaryJavadocIncorrect\.java"/>
  <suppress checks="FileLength"
    files="[\\/]test[\\/]resources[\\/]com[\\/]puppycrawl[\\/]tools[\\/]checkstyle[\\/]checks[\\/]javadoc[\\/]summaryjavadoc[\\/]InputSummaryJavadocInlineForbidden\.java"/>
  <suppress checks="FileLength"
    files="[\\/]test[\\/]resources[\\/]com[\\/]puppycrawl[\\/]tools[\\/]checkstyle[\\/]checks[\\/]javadoc[\\/]summaryjavadoc[\\/]InputSummaryJavadocCorrect\.java"/>
  <suppress checks="FileLength"
    files="[\\/]test[\\/]resources[\\/]com[\\/]puppycrawl[\\/]tools[\\/]checkstyle[\\/]checks[\\/]javadoc[\\/]missingjavadocmethod[\\/]InputMissingJavadocMethodNoJavadoc3\.java"/>
  <suppress checks="FileLength"
    files="[\\/]test[\\/]resources[\\/]com[\\/]puppycrawl[\\/]tools[\\/]checkstyle[\\/]checks[\\/]javadoc[\\/]missingjavadocmethod[\\/]InputMissingJavadocMethodNoJavadoc2\.java"/>
  <suppress checks="FileLength"
    files="[\\/]test[\\/]resources[\\/]com[\\/]puppycrawl[\\/]tools[\\/]checkstyle[\\/]checks[\\/]javadoc[\\/]missingjavadocmethod[\\/]InputMissingJavadocMethodTags\.java"/>
  <suppress checks="FileLength"
    files="[\\/]test[\\/]resources[\\/]com[\\/]puppycrawl[\\/]tools[\\/]checkstyle[\\/]checks[\\/]javadoc[\\/]missingjavadocmethod[\\/]InputMissingJavadocMethodNoJavadoc\.java"/>
  <suppress checks="FileLength"
    files="[\\/]test[\\/]resources[\\/]com[\\/]puppycrawl[\\/]tools[\\/]checkstyle[\\/]checks[\\/]javadoc[\\/]javadocpackage[\\/]InputJavadocPackageNoJavadoc\.java"/>
  <suppress checks="FileLength"
    files="[\\/]test[\\/]resources[\\/]com[\\/]puppycrawl[\\/]tools[\\/]checkstyle[\\/]checks[\\/]avoidescapedunicodecharacters[\\/]InputAvoidEscapedUnicodeCharacters1\.java"/>
  <suppress checks="FileLength"
    files="[\\/]test[\\/]resources[\\/]com[\\/]puppycrawl[\\/]tools[\\/]checkstyle[\\/]checks[\\/]avoidescapedunicodecharacters[\\/]InputAvoidEscapedUnicodeCharacters\.java"/>
  <suppress checks="FileLength"
    files="[\\/]test[\\/]resources[\\/]com[\\/]puppycrawl[\\/]tools[\\/]checkstyle[\\/]checks[\\/]avoidescapedunicodecharacters[\\/]InputAvoidEscapedUnicodeCharactersAllEscapedUnicodeCharacters\.java"/>
  <suppress checks="FileLength"
    files="[\\/]test[\\/]resources[\\/]com[\\/]puppycrawl[\\/]tools[\\/]checkstyle[\\/]checks[\\/]avoidescapedunicodecharacters[\\/]InputAvoidEscapedUnicodeCharacters4\.java"/>
  <suppress checks="FileLength"
    files="[\\/]test[\\/]resources[\\/]com[\\/]puppycrawl[\\/]tools[\\/]checkstyle[\\/]checks[\\/]avoidescapedunicodecharacters[\\/]InputAvoidEscapedUnicodeCharacters2\.java"/>
  <suppress checks="FileLength"
    files="[\\/]test[\\/]resources[\\/]com[\\/]puppycrawl[\\/]tools[\\/]checkstyle[\\/]checks[\\/]avoidescapedunicodecharacters[\\/]InputAvoidEscapedUnicodeCharacters3\.java"/>
  <suppress checks="FileLength"
    files="[\\/]test[\\/]resources[\\/]com[\\/]puppycrawl[\\/]tools[\\/]checkstyle[\\/]checks[\\/]todocomment[\\/]InputTodoCommentSimple\.java"/>
  <suppress checks="FileLength"
    files="[\\/]test[\\/]resources[\\/]com[\\/]puppycrawl[\\/]tools[\\/]checkstyle[\\/]checks[\\/]indentation[\\/]commentsindentation[\\/]InputCommentsIndentationCommentIsAtTheEndOfBlock\.java"/>
  <suppress checks="FileLength"
    files="[\\/]test[\\/]resources[\\/]com[\\/]puppycrawl[\\/]tools[\\/]checkstyle[\\/]checks[\\/]indentation[\\/]commentsindentation[\\/]InputCommentsIndentationSurroundingCode\.java"/>
  <suppress checks="FileLength"
    files="[\\/]test[\\/]resources[\\/]com[\\/]puppycrawl[\\/]tools[\\/]checkstyle[\\/]checks[\\/]indentation[\\/]commentsindentation[\\/]InputCommentsIndentationInSwitchBlock\.java"/>
  <suppress checks="FileLength"
    files="[\\/]test[\\/]resources[\\/]com[\\/]puppycrawl[\\/]tools[\\/]checkstyle[\\/]checks[\\/]indentation[\\/]commentsindentation[\\/]InputCommentsIndentationSurroundingCode2\.java"/>
  <suppress checks="FileLength"
    files="[\\/]test[\\/]resources[\\/]com[\\/]puppycrawl[\\/]tools[\\/]checkstyle[\\/]checks[\\/]indentation[\\/]commentsindentation[\\/]InputCommentsIndentationInMultiblockStructures\.java"/>
  <suppress checks="FileLength"
    files="[\\/]test[\\/]resources[\\/]com[\\/]puppycrawl[\\/]tools[\\/]checkstyle[\\/]checks[\\/]indentation[\\/]commentsindentation[\\/]InputCommentsIndentationSurroundingCode3\.java"/>
  <suppress checks="FileLength"
    files="[\\/]test[\\/]resources[\\/]com[\\/]puppycrawl[\\/]tools[\\/]checkstyle[\\/]checks[\\/]indentation[\\/]indentation[\\/]InputIndentationInvalidMethodIndent\.java"/>
  <suppress checks="FileLength"
    files="[\\/]test[\\/]resources[\\/]com[\\/]puppycrawl[\\/]tools[\\/]checkstyle[\\/]checks[\\/]indentation[\\/]indentation[\\/]InputIndentationValidMethodIndent\.java"/>
  <suppress checks="FileLength"
    files="[\\/]test[\\/]resources[\\/]com[\\/]puppycrawl[\\/]tools[\\/]checkstyle[\\/]checks[\\/]indentation[\\/]indentation[\\/]InputIndentationInvalidClassDefIndent\.java"/>
  <suppress checks="FileLength"
    files="[\\/]test[\\/]resources[\\/]com[\\/]puppycrawl[\\/]tools[\\/]checkstyle[\\/]checks[\\/]indentation[\\/]indentation[\\/]InputIndentationLabels\.java"/>
  <suppress checks="FileLength"
    files="[\\/]test[\\/]resources[\\/]com[\\/]puppycrawl[\\/]tools[\\/]checkstyle[\\/]checks[\\/]indentation[\\/]indentation[\\/]InputIndentationCorrectIfAndParameter\.java"/>
  <suppress checks="FileLength"
    files="[\\/]test[\\/]resources[\\/]com[\\/]puppycrawl[\\/]tools[\\/]checkstyle[\\/]checks[\\/]indentation[\\/]indentation[\\/]InputIndentationCustomAnnotation\.java"/>
  <suppress checks="FileLength"
    files="[\\/]test[\\/]resources[\\/]com[\\/]puppycrawl[\\/]tools[\\/]checkstyle[\\/]checks[\\/]indentation[\\/]indentation[\\/]InputIndentationValidClassDefIndent\.java"/>
  <suppress checks="FileLength"
    files="[\\/]test[\\/]resources[\\/]com[\\/]puppycrawl[\\/]tools[\\/]checkstyle[\\/]checks[\\/]indentation[\\/]indentation[\\/]InputIndentationInvalidBlockIndent\.java"/>
  <suppress checks="FileLength"
    files="[\\/]test[\\/]resources[\\/]com[\\/]puppycrawl[\\/]tools[\\/]checkstyle[\\/]checks[\\/]indentation[\\/]indentation[\\/]InputIndentationCorrectMultipleAnnotationsWithWrappedLines\.java"/>
  <suppress checks="FileLength"
    files="[\\/]test[\\/]resources[\\/]com[\\/]puppycrawl[\\/]tools[\\/]checkstyle[\\/]checks[\\/]indentation[\\/]indentation[\\/]InputIndentationValidBlockIndent\.java"/>
  <suppress checks="FileLength"
    files="[\\/]test[\\/]resources[\\/]com[\\/]puppycrawl[\\/]tools[\\/]checkstyle[\\/]checks[\\/]indentation[\\/]indentation[\\/]InputIndentationTryWithResourcesStrict\.java"/>
  <suppress checks="FileLength"
    files="[\\/]test[\\/]resources[\\/]com[\\/]puppycrawl[\\/]tools[\\/]checkstyle[\\/]checks[\\/]indentation[\\/]indentation[\\/]InputIndentationValidArrayInitIndent\.java"/>
  <suppress checks="FileLength"
    files="[\\/]test[\\/]resources[\\/]com[\\/]puppycrawl[\\/]tools[\\/]checkstyle[\\/]checks[\\/]indentation[\\/]indentation[\\/]InputIndentationLambda1\.java"/>
  <suppress checks="FileLength"
    files="[\\/]test[\\/]resources[\\/]com[\\/]puppycrawl[\\/]tools[\\/]checkstyle[\\/]checks[\\/]indentation[\\/]indentation[\\/]InputIndentationLongConcatenatedString\.java"/>
  <suppress checks="FileLength"
    files="[\\/]test[\\/]resources[\\/]com[\\/]puppycrawl[\\/]tools[\\/]checkstyle[\\/]checks[\\/]indentation[\\/]indentation[\\/]InputIndentationFromGuava2\.java"/>
  <suppress checks="FileLength"
    files="[\\/]test[\\/]resources[\\/]com[\\/]puppycrawl[\\/]tools[\\/]checkstyle[\\/]checks[\\/]indentation[\\/]indentation[\\/]InputIndentationFromGuava\.java"/>
  <suppress checks="FileLength"
    files="[\\/]test[\\/]resources[\\/]com[\\/]puppycrawl[\\/]tools[\\/]checkstyle[\\/]checks[\\/]indentation[\\/]indentation[\\/]InputIndentationValidIfIndent\.java"/>
  <suppress checks="FileLength"
    files="[\\/]test[\\/]resources[\\/]com[\\/]puppycrawl[\\/]tools[\\/]checkstyle[\\/]checks[\\/]indentation[\\/]indentation[\\/]InputIndentationCtorCall\.java"/>
  <suppress checks="FileLength"
    files="[\\/]test[\\/]resources[\\/]com[\\/]puppycrawl[\\/]tools[\\/]checkstyle[\\/]checks[\\/]indentation[\\/]indentation[\\/]InputIndentationInvalidArrayInitIndent\.java"/>
  <suppress checks="FileLength"
    files="[\\/]test[\\/]resources[\\/]com[\\/]puppycrawl[\\/]tools[\\/]checkstyle[\\/]checks[\\/]indentation[\\/]indentation[\\/]InputIndentationTryResourcesNotStrict\.java"/>
  <suppress checks="FileLength"
    files="[\\/]test[\\/]resources[\\/]com[\\/]puppycrawl[\\/]tools[\\/]checkstyle[\\/]checks[\\/]indentation[\\/]indentation[\\/]InputIndentationInvalidIfIndent\.java"/>
  <suppress checks="FileLength"
    files="[\\/]test[\\/]resources[\\/]com[\\/]puppycrawl[\\/]tools[\\/]checkstyle[\\/]checks[\\/]annotation[\\/]annotationlocation[\\/]InputAnnotationLocationIncorrect2\.java"/>
  <suppress checks="FileLength"
    files="[\\/]test[\\/]resources[\\/]com[\\/]puppycrawl[\\/]tools[\\/]checkstyle[\\/]checks[\\/]annotation[\\/]annotationlocation[\\/]InputAnnotationLocationIncorrect3\.java"/>
  <suppress checks="FileLength"
    files="[\\/]test[\\/]resources[\\/]com[\\/]puppycrawl[\\/]tools[\\/]checkstyle[\\/]checks[\\/]annotation[\\/]annotationlocation[\\/]InputAnnotationLocationIncorrect\.java"/>
  <suppress checks="FileLength"
    files="[\\/]test[\\/]resources[\\/]com[\\/]puppycrawl[\\/]tools[\\/]checkstyle[\\/]checks[\\/]sizes[\\/]methodlength[\\/]InputMethodLengthSimple\.java"/>
  <suppress checks="FileLength"
    files="[\\/]test[\\/]resources[\\/]com[\\/]puppycrawl[\\/]tools[\\/]checkstyle[\\/]checks[\\/]sizes[\\/]methodlength[\\/]InputMethodLengthCountEmptyIsFalse\.java"/>
  <suppress checks="FileLength"
    files="[\\/]test[\\/]resources[\\/]com[\\/]puppycrawl[\\/]tools[\\/]checkstyle[\\/]checks[\\/]sizes[\\/]methodlength[\\/]InputMethodLengthModifier\.java"/>
  <suppress checks="FileLength"
    files="[\\/]test[\\/]resources[\\/]com[\\/]puppycrawl[\\/]tools[\\/]checkstyle[\\/]checks[\\/]sizes[\\/]methodcount[\\/]InputMethodCount\.java"/>
  <suppress checks="FileLength"
    files="[\\/]test[\\/]resources[\\/]com[\\/]puppycrawl[\\/]tools[\\/]checkstyle[\\/]checks[\\/]sizes[\\/]methodcount[\\/]InputMethodCount1\.java"/>
  <suppress checks="FileLength"
    files="[\\/]test[\\/]resources[\\/]com[\\/]puppycrawl[\\/]tools[\\/]checkstyle[\\/]checks[\\/]sizes[\\/]linelength[\\/]InputLineLengthSimple1\.java"/>
  <suppress checks="FileLength"
    files="[\\/]test[\\/]resources[\\/]com[\\/]puppycrawl[\\/]tools[\\/]checkstyle[\\/]checks[\\/]sizes[\\/]linelength[\\/]InputLineLengthSimple\.java"/>
  <suppress checks="FileLength"
    files="[\\/]test[\\/]resources[\\/]com[\\/]puppycrawl[\\/]tools[\\/]checkstyle[\\/]checks[\\/]sizes[\\/]parameternumber[\\/]InputParameterNumberSimple\.java"/>
  <suppress checks="FileLength"
    files="[\\/]test[\\/]resources[\\/]com[\\/]puppycrawl[\\/]tools[\\/]checkstyle[\\/]checks[\\/]sizes[\\/]parameternumber[\\/]InputParameterNumberSimple4\.java"/>
  <suppress checks="FileLength"
    files="[\\/]test[\\/]resources[\\/]com[\\/]puppycrawl[\\/]tools[\\/]checkstyle[\\/]checks[\\/]sizes[\\/]parameternumber[\\/]InputParameterNumberSimple2\.java"/>
  <suppress checks="FileLength"
    files="[\\/]test[\\/]resources[\\/]com[\\/]puppycrawl[\\/]tools[\\/]checkstyle[\\/]checks[\\/]sizes[\\/]parameternumber[\\/]InputParameterNumberSimple3\.java"/>
  <suppress checks="FileLength"
    files="[\\/]test[\\/]resources[\\/]com[\\/]puppycrawl[\\/]tools[\\/]checkstyle[\\/]checks[\\/]sizes[\\/]filelength[\\/]InputFileLength2\.java"/>
  <suppress checks="FileLength"
    files="[\\/]test[\\/]resources[\\/]com[\\/]puppycrawl[\\/]tools[\\/]checkstyle[\\/]checks[\\/]sizes[\\/]filelength[\\/]InputFileLength\.java"/>
  <suppress checks="FileLength"
    files="[\\/]test[\\/]resources[\\/]com[\\/]puppycrawl[\\/]tools[\\/]checkstyle[\\/]checks[\\/]sizes[\\/]filelength[\\/]InputFileLength3\.java"/>
  <suppress checks="FileLength"
    files="[\\/]test[\\/]resources[\\/]com[\\/]puppycrawl[\\/]tools[\\/]checkstyle[\\/]checks[\\/]sizes[\\/]filelength[\\/]InputFileLength4\.java"/>
  <suppress checks="FileLength"
    files="[\\/]test[\\/]resources[\\/]com[\\/]puppycrawl[\\/]tools[\\/]checkstyle[\\/]checks[\\/]sizes[\\/]outertypenumber[\\/]InputOuterTypeNumberSimple1\.java"/>
  <suppress checks="FileLength"
    files="[\\/]test[\\/]resources[\\/]com[\\/]puppycrawl[\\/]tools[\\/]checkstyle[\\/]checks[\\/]sizes[\\/]outertypenumber[\\/]InputOuterTypeNumberSimple\.java"/>
  <suppress checks="FileLength"
    files="[\\/]test[\\/]resources[\\/]com[\\/]puppycrawl[\\/]tools[\\/]checkstyle[\\/]checks[\\/]sizes[\\/]anoninnerlength[\\/]InputAnonInnerLength2\.java"/>
  <suppress checks="FileLength"
    files="[\\/]test[\\/]resources[\\/]com[\\/]puppycrawl[\\/]tools[\\/]checkstyle[\\/]checks[\\/]sizes[\\/]anoninnerlength[\\/]InputAnonInnerLength\.java"/>
  <suppress checks="FileLength"
    files="[\\/]test[\\/]resources[\\/]com[\\/]puppycrawl[\\/]tools[\\/]checkstyle[\\/]checks[\\/]regexp[\\/]regexpsinglelinejava[\\/]InputRegexpSinglelineJavaSemantic7\.java"/>
  <suppress checks="FileLength"
    files="[\\/]test[\\/]resources[\\/]com[\\/]puppycrawl[\\/]tools[\\/]checkstyle[\\/]checks[\\/]regexp[\\/]regexpsinglelinejava[\\/]InputRegexpSinglelineJavaSemantic\.java"/>
  <suppress checks="FileLength"
    files="[\\/]test[\\/]resources[\\/]com[\\/]puppycrawl[\\/]tools[\\/]checkstyle[\\/]checks[\\/]regexp[\\/]regexpsinglelinejava[\\/]InputRegexpSinglelineJavaSemantic2\.java"/>
  <suppress checks="FileLength"
    files="[\\/]test[\\/]resources[\\/]com[\\/]puppycrawl[\\/]tools[\\/]checkstyle[\\/]checks[\\/]regexp[\\/]regexpsinglelinejava[\\/]InputRegexpSinglelineJavaSemantic5\.java"/>
  <suppress checks="FileLength"
    files="[\\/]test[\\/]resources[\\/]com[\\/]puppycrawl[\\/]tools[\\/]checkstyle[\\/]checks[\\/]regexp[\\/]regexpsinglelinejava[\\/]InputRegexpSinglelineJavaSemantic6\.java"/>
  <suppress checks="FileLength"
    files="[\\/]test[\\/]resources[\\/]com[\\/]puppycrawl[\\/]tools[\\/]checkstyle[\\/]checks[\\/]regexp[\\/]regexpsinglelinejava[\\/]InputRegexpSinglelineJavaSemantic3\.java"/>
  <suppress checks="FileLength"
    files="[\\/]test[\\/]resources[\\/]com[\\/]puppycrawl[\\/]tools[\\/]checkstyle[\\/]checks[\\/]regexp[\\/]regexpsinglelinejava[\\/]InputRegexpSinglelineJavaSemantic4\.java"/>
  <suppress checks="FileLength"
    files="[\\/]test[\\/]resources[\\/]com[\\/]puppycrawl[\\/]tools[\\/]checkstyle[\\/]checks[\\/]regexp[\\/]regexpmultiline[\\/]InputRegexpMultilineSemantic8\.java"/>
  <suppress checks="FileLength"
    files="[\\/]test[\\/]resources[\\/]com[\\/]puppycrawl[\\/]tools[\\/]checkstyle[\\/]checks[\\/]regexp[\\/]regexpmultiline[\\/]InputRegexpMultilineSemantic6\.java"/>
  <suppress checks="FileLength"
    files="[\\/]test[\\/]resources[\\/]com[\\/]puppycrawl[\\/]tools[\\/]checkstyle[\\/]checks[\\/]regexp[\\/]regexpmultiline[\\/]InputRegexpMultilineSemantic4\.java"/>
  <suppress checks="FileLength"
    files="[\\/]test[\\/]resources[\\/]com[\\/]puppycrawl[\\/]tools[\\/]checkstyle[\\/]checks[\\/]regexp[\\/]regexpmultiline[\\/]InputRegexpMultilineSemantic3\.java"/>
  <suppress checks="FileLength"
    files="[\\/]test[\\/]resources[\\/]com[\\/]puppycrawl[\\/]tools[\\/]checkstyle[\\/]checks[\\/]regexp[\\/]regexpmultiline[\\/]InputRegexpMultilineSemantic2\.java"/>
  <suppress checks="FileLength"
    files="[\\/]test[\\/]resources[\\/]com[\\/]puppycrawl[\\/]tools[\\/]checkstyle[\\/]checks[\\/]regexp[\\/]regexpmultiline[\\/]InputRegexpMultilineSemantic7\.java"/>
  <suppress checks="FileLength"
    files="[\\/]test[\\/]resources[\\/]com[\\/]puppycrawl[\\/]tools[\\/]checkstyle[\\/]checks[\\/]regexp[\\/]regexpmultiline[\\/]InputRegexpMultilineSemantic9\.java"/>
  <suppress checks="FileLength"
    files="[\\/]test[\\/]resources[\\/]com[\\/]puppycrawl[\\/]tools[\\/]checkstyle[\\/]checks[\\/]regexp[\\/]regexpmultiline[\\/]InputRegexpMultilineSemantic5\.java"/>
  <suppress checks="FileLength"
    files="[\\/]test[\\/]resources[\\/]com[\\/]puppycrawl[\\/]tools[\\/]checkstyle[\\/]checks[\\/]regexp[\\/]regexpmultiline[\\/]InputRegexpMultilineSemantic\.java"/>
  <suppress checks="FileLength"
    files="[\\/]test[\\/]resources[\\/]com[\\/]puppycrawl[\\/]tools[\\/]checkstyle[\\/]checks[\\/]regexp[\\/]regexp[\\/]InputRegexpSemantic9\.java"/>
  <suppress checks="FileLength"
    files="[\\/]test[\\/]resources[\\/]com[\\/]puppycrawl[\\/]tools[\\/]checkstyle[\\/]checks[\\/]regexp[\\/]regexp[\\/]InputRegexpSemantic3\.java"/>
  <suppress checks="FileLength"
    files="[\\/]test[\\/]resources[\\/]com[\\/]puppycrawl[\\/]tools[\\/]checkstyle[\\/]checks[\\/]regexp[\\/]regexp[\\/]InputRegexpSemantic13\.java"/>
  <suppress checks="FileLength"
    files="[\\/]test[\\/]resources[\\/]com[\\/]puppycrawl[\\/]tools[\\/]checkstyle[\\/]checks[\\/]regexp[\\/]regexp[\\/]InputRegexpSemantic5\.java"/>
  <suppress checks="FileLength"
    files="[\\/]test[\\/]resources[\\/]com[\\/]puppycrawl[\\/]tools[\\/]checkstyle[\\/]checks[\\/]regexp[\\/]regexp[\\/]InputRegexpSemantic7\.java"/>
  <suppress checks="FileLength"
    files="[\\/]test[\\/]resources[\\/]com[\\/]puppycrawl[\\/]tools[\\/]checkstyle[\\/]checks[\\/]regexp[\\/]regexp[\\/]InputRegexpSemantic11\.java"/>
  <suppress checks="FileLength"
    files="[\\/]test[\\/]resources[\\/]com[\\/]puppycrawl[\\/]tools[\\/]checkstyle[\\/]checks[\\/]regexp[\\/]regexp[\\/]InputRegexpSemantic4\.java"/>
  <suppress checks="FileLength"
    files="[\\/]test[\\/]resources[\\/]com[\\/]puppycrawl[\\/]tools[\\/]checkstyle[\\/]checks[\\/]regexp[\\/]regexp[\\/]InputRegexpSemantic6\.java"/>
  <suppress checks="FileLength"
    files="[\\/]test[\\/]resources[\\/]com[\\/]puppycrawl[\\/]tools[\\/]checkstyle[\\/]checks[\\/]regexp[\\/]regexp[\\/]InputRegexpSemantic10\.java"/>
  <suppress checks="FileLength"
    files="[\\/]test[\\/]resources[\\/]com[\\/]puppycrawl[\\/]tools[\\/]checkstyle[\\/]checks[\\/]regexp[\\/]regexp[\\/]InputRegexpSemantic2\.java"/>
  <suppress checks="FileLength"
    files="[\\/]test[\\/]resources[\\/]com[\\/]puppycrawl[\\/]tools[\\/]checkstyle[\\/]checks[\\/]regexp[\\/]regexp[\\/]InputRegexpCheckStopEarly\.java"/>
  <suppress checks="FileLength"
    files="[\\/]test[\\/]resources[\\/]com[\\/]puppycrawl[\\/]tools[\\/]checkstyle[\\/]checks[\\/]regexp[\\/]regexp[\\/]InputRegexpSemantic14\.java"/>
  <suppress checks="FileLength"
    files="[\\/]test[\\/]resources[\\/]com[\\/]puppycrawl[\\/]tools[\\/]checkstyle[\\/]checks[\\/]regexp[\\/]regexp[\\/]InputRegexpSemantic12\.java"/>
  <suppress checks="FileLength"
    files="[\\/]test[\\/]resources[\\/]com[\\/]puppycrawl[\\/]tools[\\/]checkstyle[\\/]checks[\\/]regexp[\\/]regexp[\\/]InputRegexpSemantic8\.java"/>
  <suppress checks="FileLength"
    files="[\\/]test[\\/]resources[\\/]com[\\/]puppycrawl[\\/]tools[\\/]checkstyle[\\/]checks[\\/]regexp[\\/]regexp[\\/]InputRegexpSemantic\.java"/>
  <suppress checks="FileLength"
    files="[\\/]test[\\/]resources[\\/]com[\\/]puppycrawl[\\/]tools[\\/]checkstyle[\\/]checks[\\/]regexp[\\/]regexponfilename[\\/]InputRegexpOnFilenameSemantic\.java"/>
  <suppress checks="FileLength"
    files="[\\/]test[\\/]resources[\\/]com[\\/]puppycrawl[\\/]tools[\\/]checkstyle[\\/]checks[\\/]regexp[\\/]regexpsingleline[\\/]InputRegexpSinglelineSemantic3\.java"/>
  <suppress checks="FileLength"
    files="[\\/]test[\\/]resources[\\/]com[\\/]puppycrawl[\\/]tools[\\/]checkstyle[\\/]checks[\\/]regexp[\\/]regexpsingleline[\\/]InputRegexpSinglelineSemantic2\.java"/>
  <suppress checks="FileLength"
    files="[\\/]test[\\/]resources[\\/]com[\\/]puppycrawl[\\/]tools[\\/]checkstyle[\\/]checks[\\/]regexp[\\/]regexpsingleline[\\/]InputRegexpSinglelineSemantic4\.java"/>
  <suppress checks="FileLength"
    files="[\\/]test[\\/]resources[\\/]com[\\/]puppycrawl[\\/]tools[\\/]checkstyle[\\/]checks[\\/]regexp[\\/]regexpsingleline[\\/]InputRegexpSinglelineSemantic5\.java"/>
  <suppress checks="FileLength"
    files="[\\/]test[\\/]resources[\\/]com[\\/]puppycrawl[\\/]tools[\\/]checkstyle[\\/]checks[\\/]regexp[\\/]regexpsingleline[\\/]InputRegexpSinglelineSemantic8\.java"/>
  <suppress checks="FileLength"
    files="[\\/]test[\\/]resources[\\/]com[\\/]puppycrawl[\\/]tools[\\/]checkstyle[\\/]checks[\\/]regexp[\\/]regexpsingleline[\\/]InputRegexpSinglelineSemantic7\.java"/>
  <suppress checks="FileLength"
    files="[\\/]test[\\/]resources[\\/]com[\\/]puppycrawl[\\/]tools[\\/]checkstyle[\\/]checks[\\/]regexp[\\/]regexpsingleline[\\/]InputRegexpSinglelineSemantic\.java"/>
  <suppress checks="FileLength"
    files="[\\/]test[\\/]resources[\\/]com[\\/]puppycrawl[\\/]tools[\\/]checkstyle[\\/]checks[\\/]regexp[\\/]regexpsingleline[\\/]InputRegexpSinglelineSemantic6\.java"/>
  <suppress checks="FileLength"
    files="[\\/]test[\\/]resources[\\/]com[\\/]puppycrawl[\\/]tools[\\/]checkstyle[\\/]checks[\\/]coding[\\/]requirethis[\\/]InputRequireThisEnumInnerClassesAndBugs2\.java"/>
  <suppress checks="FileLength"
    files="[\\/]test[\\/]resources[\\/]com[\\/]puppycrawl[\\/]tools[\\/]checkstyle[\\/]checks[\\/]coding[\\/]requirethis[\\/]InputRequireThisValidateOnlyOverlappingFalse\.java"/>
  <suppress checks="FileLength"
    files="[\\/]test[\\/]resources[\\/]com[\\/]puppycrawl[\\/]tools[\\/]checkstyle[\\/]checks[\\/]coding[\\/]requirethis[\\/]InputRequireThisEnumInnerClassesAndBugs3\.java"/>
  <suppress checks="FileLength"
    files="[\\/]test[\\/]resources[\\/]com[\\/]puppycrawl[\\/]tools[\\/]checkstyle[\\/]checks[\\/]coding[\\/]requirethis[\\/]InputRequireThisValidateOnlyOverlappingTrue\.java"/>
  <suppress checks="FileLength"
    files="[\\/]test[\\/]resources[\\/]com[\\/]puppycrawl[\\/]tools[\\/]checkstyle[\\/]checks[\\/]coding[\\/]requirethis[\\/]InputRequireThisEnumInnerClassesAndBugs\.java"/>
  <suppress checks="FileLength"
    files="[\\/]test[\\/]resources[\\/]com[\\/]puppycrawl[\\/]tools[\\/]checkstyle[\\/]checks[\\/]coding[\\/]illegalinstantiation[\\/]InputIllegalInstantiationSemantic2\.java"/>
  <suppress checks="FileLength"
    files="[\\/]test[\\/]resources[\\/]com[\\/]puppycrawl[\\/]tools[\\/]checkstyle[\\/]checks[\\/]coding[\\/]illegalinstantiation[\\/]InputIllegalInstantiationSemantic\.java"/>
  <suppress checks="FileLength"
    files="[\\/]test[\\/]resources[\\/]com[\\/]puppycrawl[\\/]tools[\\/]checkstyle[\\/]checks[\\/]coding[\\/]hiddenfield[\\/]InputHiddenField7\.java"/>
  <suppress checks="FileLength"
    files="[\\/]test[\\/]resources[\\/]com[\\/]puppycrawl[\\/]tools[\\/]checkstyle[\\/]checks[\\/]coding[\\/]hiddenfield[\\/]InputHiddenFieldLambdas\.java"/>
  <suppress checks="FileLength"
    files="[\\/]test[\\/]resources[\\/]com[\\/]puppycrawl[\\/]tools[\\/]checkstyle[\\/]checks[\\/]coding[\\/]hiddenfield[\\/]InputHiddenField2\.java"/>
  <suppress checks="FileLength"
    files="[\\/]test[\\/]resources[\\/]com[\\/]puppycrawl[\\/]tools[\\/]checkstyle[\\/]checks[\\/]coding[\\/]hiddenfield[\\/]InputHiddenField8\.java"/>
  <suppress checks="FileLength"
    files="[\\/]test[\\/]resources[\\/]com[\\/]puppycrawl[\\/]tools[\\/]checkstyle[\\/]checks[\\/]coding[\\/]hiddenfield[\\/]InputHiddenField4\.java"/>
  <suppress checks="FileLength"
    files="[\\/]test[\\/]resources[\\/]com[\\/]puppycrawl[\\/]tools[\\/]checkstyle[\\/]checks[\\/]coding[\\/]hiddenfield[\\/]InputHiddenField3\.java"/>
  <suppress checks="FileLength"
    files="[\\/]test[\\/]resources[\\/]com[\\/]puppycrawl[\\/]tools[\\/]checkstyle[\\/]checks[\\/]coding[\\/]hiddenfield[\\/]InputHiddenField5\.java"/>
  <suppress checks="FileLength"
    files="[\\/]test[\\/]resources[\\/]com[\\/]puppycrawl[\\/]tools[\\/]checkstyle[\\/]checks[\\/]coding[\\/]hiddenfield[\\/]InputHiddenField6\.java"/>
  <suppress checks="FileLength"
    files="[\\/]test[\\/]resources[\\/]com[\\/]puppycrawl[\\/]tools[\\/]checkstyle[\\/]checks[\\/]coding[\\/]hiddenfield[\\/]InputHiddenFieldReorder\.java"/>
  <suppress checks="FileLength"
    files="[\\/]test[\\/]resources[\\/]com[\\/]puppycrawl[\\/]tools[\\/]checkstyle[\\/]checks[\\/]coding[\\/]hiddenfield[\\/]InputHiddenField1\.java"/>
  <suppress checks="FileLength"
    files="[\\/]test[\\/]resources[\\/]com[\\/]puppycrawl[\\/]tools[\\/]checkstyle[\\/]checks[\\/]coding[\\/]variabledeclarationusagedistance[\\/]InputVariableDeclarationUsageDistanceFinal\.java"/>
  <suppress checks="FileLength"
    files="[\\/]test[\\/]resources[\\/]com[\\/]puppycrawl[\\/]tools[\\/]checkstyle[\\/]checks[\\/]coding[\\/]variabledeclarationusagedistance[\\/]InputVariableDeclarationUsageDistanceRegExp\.java"/>
  <suppress checks="FileLength"
    files="[\\/]test[\\/]resources[\\/]com[\\/]puppycrawl[\\/]tools[\\/]checkstyle[\\/]checks[\\/]coding[\\/]variabledeclarationusagedistance[\\/]InputVariableDeclarationUsageDistanceGeneral\.java"/>
  <suppress checks="FileLength"
    files="[\\/]test[\\/]resources[\\/]com[\\/]puppycrawl[\\/]tools[\\/]checkstyle[\\/]checks[\\/]coding[\\/]variabledeclarationusagedistance[\\/]InputVariableDeclarationUsageDistanceScopes\.java"/>
  <suppress checks="FileLength"
    files="[\\/]test[\\/]resources[\\/]com[\\/]puppycrawl[\\/]tools[\\/]checkstyle[\\/]checks[\\/]coding[\\/]variabledeclarationusagedistance[\\/]InputVariableDeclarationUsageDistance\.java"/>
  <suppress checks="FileLength"
    files="[\\/]test[\\/]resources[\\/]com[\\/]puppycrawl[\\/]tools[\\/]checkstyle[\\/]checks[\\/]coding[\\/]variabledeclarationusagedistance[\\/]InputVariableDeclarationUsageDistanceDefault\.java"/>
  <suppress checks="FileLength"
    files="[\\/]test[\\/]resources[\\/]com[\\/]puppycrawl[\\/]tools[\\/]checkstyle[\\/]checks[\\/]coding[\\/]equalsavoidnull[\\/]InputEqualsAvoidNullIgnoreCase\.java"/>
  <suppress checks="FileLength"
    files="[\\/]test[\\/]resources[\\/]com[\\/]puppycrawl[\\/]tools[\\/]checkstyle[\\/]checks[\\/]coding[\\/]equalsavoidnull[\\/]InputEqualsAvoidNull\.java"/>
  <suppress checks="FileLength"
    files="[\\/]test[\\/]resources[\\/]com[\\/]puppycrawl[\\/]tools[\\/]checkstyle[\\/]checks[\\/]coding[\\/]covariantequals[\\/]InputCovariantEquals\.java"/>
  <suppress checks="FileLength"
    files="[\\/]test[\\/]resources[\\/]com[\\/]puppycrawl[\\/]tools[\\/]checkstyle[\\/]checks[\\/]coding[\\/]nofinalizer[\\/]InputNoFinalizerFallThrough\.java"/>
  <suppress checks="FileLength"
    files="[\\/]test[\\/]resources[\\/]com[\\/]puppycrawl[\\/]tools[\\/]checkstyle[\\/]checks[\\/]coding[\\/]defaultcomeslast[\\/]InputDefaultComesLast\.java"/>
  <suppress checks="FileLength"
    files="[\\/]test[\\/]resources[\\/]com[\\/]puppycrawl[\\/]tools[\\/]checkstyle[\\/]checks[\\/]coding[\\/]defaultcomeslast[\\/]InputDefaultComesLastSkipIfLastAndSharedWithCase\.java"/>
  <suppress checks="FileLength"
    files="[\\/]test[\\/]resources[\\/]com[\\/]puppycrawl[\\/]tools[\\/]checkstyle[\\/]checks[\\/]coding[\\/]declarationorder[\\/]InputDeclarationOrder\.java"/>
  <suppress checks="FileLength"
    files="[\\/]test[\\/]resources[\\/]com[\\/]puppycrawl[\\/]tools[\\/]checkstyle[\\/]checks[\\/]coding[\\/]declarationorder[\\/]InputDeclarationOrderOnlyModifiers\.java"/>
  <suppress checks="FileLength"
    files="[\\/]test[\\/]resources[\\/]com[\\/]puppycrawl[\\/]tools[\\/]checkstyle[\\/]checks[\\/]coding[\\/]declarationorder[\\/]InputDeclarationOrderOnlyConstructors\.java"/>
  <suppress checks="FileLength"
    files="[\\/]test[\\/]resources[\\/]com[\\/]puppycrawl[\\/]tools[\\/]checkstyle[\\/]checks[\\/]coding[\\/]overloadmethodsdeclarationorder[\\/]InputOverloadMethodsDeclarationOrder\.java"/>
  <suppress checks="FileLength"
    files="[\\/]test[\\/]resources[\\/]com[\\/]puppycrawl[\\/]tools[\\/]checkstyle[\\/]checks[\\/]coding[\\/]fallthrough[\\/]InputFallThrough\.java"/>
  <suppress checks="FileLength"
    files="[\\/]test[\\/]resources[\\/]com[\\/]puppycrawl[\\/]tools[\\/]checkstyle[\\/]checks[\\/]coding[\\/]fallthrough[\\/]InputFallThrough3\.java"/>
  <suppress checks="FileLength"
    files="[\\/]test[\\/]resources[\\/]com[\\/]puppycrawl[\\/]tools[\\/]checkstyle[\\/]checks[\\/]coding[\\/]fallthrough[\\/]InputFallThroughDefault\.java"/>
  <suppress checks="FileLength"
    files="[\\/]test[\\/]resources[\\/]com[\\/]puppycrawl[\\/]tools[\\/]checkstyle[\\/]checks[\\/]coding[\\/]innerassignment[\\/]InputInnerAssignment\.java"/>
  <suppress checks="FileLength"
    files="[\\/]test[\\/]resources[\\/]com[\\/]puppycrawl[\\/]tools[\\/]checkstyle[\\/]checks[\\/]coding[\\/]equalshashcode[\\/]InputEqualsHashCodeSemantic\.java"/>
  <suppress checks="FileLength"
    files="[\\/]test[\\/]resources[\\/]com[\\/]puppycrawl[\\/]tools[\\/]checkstyle[\\/]checks[\\/]coding[\\/]finallocalvariable[\\/]InputFinalLocalVariableFalsePositives\.java"/>
  <suppress checks="FileLength"
    files="[\\/]test[\\/]resources[\\/]com[\\/]puppycrawl[\\/]tools[\\/]checkstyle[\\/]checks[\\/]coding[\\/]finallocalvariable[\\/]InputFinalLocalVariableAssignedMultipleTimes\.java"/>
  <suppress checks="FileLength"
    files="[\\/]test[\\/]resources[\\/]com[\\/]puppycrawl[\\/]tools[\\/]checkstyle[\\/]checks[\\/]coding[\\/]finallocalvariable[\\/]InputFinalLocalVariable2\.java"/>
  <suppress checks="FileLength"
    files="[\\/]test[\\/]resources[\\/]com[\\/]puppycrawl[\\/]tools[\\/]checkstyle[\\/]checks[\\/]coding[\\/]finallocalvariable[\\/]InputFinalLocalVariable\.java"/>
  <suppress checks="FileLength"
    files="[\\/]test[\\/]resources[\\/]com[\\/]puppycrawl[\\/]tools[\\/]checkstyle[\\/]checks[\\/]coding[\\/]onestatementperline[\\/]InputOneStatementPerLineSingleLine\.java"/>
  <suppress checks="FileLength"
    files="[\\/]test[\\/]resources[\\/]com[\\/]puppycrawl[\\/]tools[\\/]checkstyle[\\/]checks[\\/]coding[\\/]onestatementperline[\\/]InputOneStatementPerLineMultiline\.java"/>
  <suppress checks="FileLength"
    files="[\\/]test[\\/]resources[\\/]com[\\/]puppycrawl[\\/]tools[\\/]checkstyle[\\/]checks[\\/]coding[\\/]magicnumber[\\/]InputMagicNumber_4\.java"/>
  <suppress checks="FileLength"
    files="[\\/]test[\\/]resources[\\/]com[\\/]puppycrawl[\\/]tools[\\/]checkstyle[\\/]checks[\\/]coding[\\/]magicnumber[\\/]InputMagicNumber_2\.java"/>
  <suppress checks="FileLength"
    files="[\\/]test[\\/]resources[\\/]com[\\/]puppycrawl[\\/]tools[\\/]checkstyle[\\/]checks[\\/]coding[\\/]magicnumber[\\/]InputMagicNumber\.java"/>
  <suppress checks="FileLength"
    files="[\\/]test[\\/]resources[\\/]com[\\/]puppycrawl[\\/]tools[\\/]checkstyle[\\/]checks[\\/]coding[\\/]magicnumber[\\/]InputMagicNumber_6\.java"/>
  <suppress checks="FileLength"
    files="[\\/]test[\\/]resources[\\/]com[\\/]puppycrawl[\\/]tools[\\/]checkstyle[\\/]checks[\\/]coding[\\/]magicnumber[\\/]InputMagicNumber_3\.java"/>
  <suppress checks="FileLength"
    files="[\\/]test[\\/]resources[\\/]com[\\/]puppycrawl[\\/]tools[\\/]checkstyle[\\/]checks[\\/]coding[\\/]magicnumber[\\/]InputMagicNumber_1\.java"/>
  <suppress checks="FileLength"
    files="[\\/]test[\\/]resources[\\/]com[\\/]puppycrawl[\\/]tools[\\/]checkstyle[\\/]checks[\\/]coding[\\/]magicnumber[\\/]InputMagicNumber_7\.java"/>
  <suppress checks="FileLength"
    files="[\\/]test[\\/]resources[\\/]com[\\/]puppycrawl[\\/]tools[\\/]checkstyle[\\/]checks[\\/]coding[\\/]magicnumber[\\/]InputMagicNumber_5\.java"/>
  <suppress checks="FileLength"
    files="[\\/]test[\\/]resources[\\/]com[\\/]puppycrawl[\\/]tools[\\/]checkstyle[\\/]checks[\\/]coding[\\/]noenumtrailingcomma[\\/]InputNoEnumTrailingComma\.java"/>
  <suppress checks="FileLength"
    files="[\\/]test[\\/]resources[\\/]com[\\/]puppycrawl[\\/]tools[\\/]checkstyle[\\/]checks[\\/]whitespace[\\/]emptylineseparator[\\/]InputEmptyLineSeparatorWithComments2\.java"/>
  <suppress checks="FileLength"
    files="[\\/]test[\\/]resources[\\/]com[\\/]puppycrawl[\\/]tools[\\/]checkstyle[\\/]checks[\\/]whitespace[\\/]emptylineseparator[\\/]InputEmptyLineSeparatorWithComments\.java"/>
  <suppress checks="FileLength"
    files="[\\/]test[\\/]resources[\\/]com[\\/]puppycrawl[\\/]tools[\\/]checkstyle[\\/]checks[\\/]whitespace[\\/]emptylineseparator[\\/]InputEmptyLineSeparator\.java"/>
  <suppress checks="FileLength"
    files="[\\/]test[\\/]resources[\\/]com[\\/]puppycrawl[\\/]tools[\\/]checkstyle[\\/]checks[\\/]whitespace[\\/]emptylineseparator[\\/]InputEmptyLineSeparatorNoViolationOnEmptyLineBeforeComments\.java"/>
  <suppress checks="FileLength"
    files="[\\/]test[\\/]resources[\\/]com[\\/]puppycrawl[\\/]tools[\\/]checkstyle[\\/]checks[\\/]whitespace[\\/]emptylineseparator[\\/]InputEmptyLineSeparator2\.java"/>
  <suppress checks="FileLength"
    files="[\\/]test[\\/]resources[\\/]com[\\/]puppycrawl[\\/]tools[\\/]checkstyle[\\/]checks[\\/]whitespace[\\/]whitespaceafter[\\/]InputWhitespaceAfterDefaultConfig\.java"/>
  <suppress checks="FileLength"
    files="[\\/]test[\\/]resources[\\/]com[\\/]puppycrawl[\\/]tools[\\/]checkstyle[\\/]checks[\\/]whitespace[\\/]whitespaceafter[\\/]InputWhitespaceAfterTypeCast\.java"/>
  <suppress checks="FileLength"
    files="[\\/]test[\\/]resources[\\/]com[\\/]puppycrawl[\\/]tools[\\/]checkstyle[\\/]checks[\\/]whitespace[\\/]parenpad[\\/]InputParenPadLeftRightAndNoSpace2\.java"/>
  <suppress checks="FileLength"
    files="[\\/]test[\\/]resources[\\/]com[\\/]puppycrawl[\\/]tools[\\/]checkstyle[\\/]checks[\\/]whitespace[\\/]parenpad[\\/]InputParenPadWhitespace\.java"/>
  <suppress checks="FileLength"
    files="[\\/]test[\\/]resources[\\/]com[\\/]puppycrawl[\\/]tools[\\/]checkstyle[\\/]checks[\\/]whitespace[\\/]parenpad[\\/]InputParenPadLeftRightAndNoSpace3\.java"/>
  <suppress checks="FileLength"
    files="[\\/]test[\\/]resources[\\/]com[\\/]puppycrawl[\\/]tools[\\/]checkstyle[\\/]checks[\\/]whitespace[\\/]parenpad[\\/]InputParenPadWhitespace2\.java"/>
  <suppress checks="FileLength"
    files="[\\/]test[\\/]resources[\\/]com[\\/]puppycrawl[\\/]tools[\\/]checkstyle[\\/]checks[\\/]whitespace[\\/]parenpad[\\/]InputParenPadLeftRightAndNoSpace1\.java"/>
  <suppress checks="FileLength"
    files="[\\/]test[\\/]resources[\\/]com[\\/]puppycrawl[\\/]tools[\\/]checkstyle[\\/]checks[\\/]whitespace[\\/]nowhitespacebefore[\\/]InputNoWhitespaceBeforeDotAllowLineBreaks\.java"/>
  <suppress checks="FileLength"
    files="[\\/]test[\\/]resources[\\/]com[\\/]puppycrawl[\\/]tools[\\/]checkstyle[\\/]checks[\\/]whitespace[\\/]nowhitespacebefore[\\/]InputNoWhitespaceBeforeDefault\.java"/>
  <suppress checks="FileLength"
    files="[\\/]test[\\/]resources[\\/]com[\\/]puppycrawl[\\/]tools[\\/]checkstyle[\\/]checks[\\/]whitespace[\\/]nowhitespacebefore[\\/]InputNoWhitespaceBeforeDot\.java"/>
  <suppress checks="FileLength"
    files="[\\/]test[\\/]resources[\\/]com[\\/]puppycrawl[\\/]tools[\\/]checkstyle[\\/]checks[\\/]whitespace[\\/]filetabcharacter[\\/]InputFileTabCharacterSimple\.java"/>
  <suppress checks="FileLength"
    files="[\\/]test[\\/]resources[\\/]com[\\/]puppycrawl[\\/]tools[\\/]checkstyle[\\/]checks[\\/]whitespace[\\/]filetabcharacter[\\/]InputFileTabCharacterSimple1\.java"/>
  <suppress checks="FileLength"
    files="[\\/]test[\\/]resources[\\/]com[\\/]puppycrawl[\\/]tools[\\/]checkstyle[\\/]checks[\\/]whitespace[\\/]whitespacearound[\\/]InputWhitespaceAroundSimple\.java"/>
  <suppress checks="FileLength"
    files="[\\/]test[\\/]resources[\\/]com[\\/]puppycrawl[\\/]tools[\\/]checkstyle[\\/]checks[\\/]whitespace[\\/]whitespacearound[\\/]InputWhitespaceAroundBraces\.java"/>
  <suppress checks="FileLength"
    files="[\\/]test[\\/]resources[\\/]com[\\/]puppycrawl[\\/]tools[\\/]checkstyle[\\/]checks[\\/]whitespace[\\/]whitespacearound[\\/]InputWhitespaceAroundBraces2\.java"/>
  <suppress checks="FileLength"
    files="[\\/]test[\\/]resources[\\/]com[\\/]puppycrawl[\\/]tools[\\/]checkstyle[\\/]checks[\\/]whitespace[\\/]whitespacearound[\\/]InputWhitespaceAroundKeywordsAndOperators\.java"/>
  <suppress checks="FileLength"
    files="[\\/]test[\\/]resources[\\/]com[\\/]puppycrawl[\\/]tools[\\/]checkstyle[\\/]checks[\\/]whitespace[\\/]nowhitespaceafter[\\/]InputNoWhitespaceAfterTestDefault\.java"/>
  <suppress checks="FileLength"
    files="[\\/]test[\\/]resources[\\/]com[\\/]puppycrawl[\\/]tools[\\/]checkstyle[\\/]checks[\\/]whitespace[\\/]nowhitespaceafter[\\/]InputNoWhitespaceAfterTestAllowLineBreaks\.java"/>
  <suppress checks="FileLength"
    files="[\\/]test[\\/]resources[\\/]com[\\/]puppycrawl[\\/]tools[\\/]checkstyle[\\/]checks[\\/]whitespace[\\/]nowhitespaceafter[\\/]InputNoWhitespaceAfterTestTypecast\.java"/>
  <suppress checks="FileLength"
    files="[\\/]test[\\/]resources[\\/]com[\\/]puppycrawl[\\/]tools[\\/]checkstyle[\\/]checks[\\/]whitespace[\\/]nowhitespaceafter[\\/]InputNoWhitespaceAfterNewTypeStructure\.java"/>
  <suppress checks="FileLength"
    files="[\\/]test[\\/]resources[\\/]com[\\/]puppycrawl[\\/]tools[\\/]checkstyle[\\/]checks[\\/]whitespace[\\/]nowhitespaceafter[\\/]InputNoWhitespaceAfterTestAllTokens\.java"/>
  <suppress checks="FileLength"
    files="[\\/]test[\\/]resources[\\/]com[\\/]puppycrawl[\\/]tools[\\/]checkstyle[\\/]checks[\\/]whitespace[\\/]nowhitespaceafter[\\/]InputNoWhitespaceAfterArrayDeclarations2\.java"/>
  <suppress checks="FileLength"
    files="[\\/]test[\\/]resources[\\/]com[\\/]puppycrawl[\\/]tools[\\/]checkstyle[\\/]checks[\\/]whitespace[\\/]typecastparenpad[\\/]InputTypecastParenPadWhitespaceTestSpace\.java"/>
  <suppress checks="FileLength"
    files="[\\/]test[\\/]resources[\\/]com[\\/]puppycrawl[\\/]tools[\\/]checkstyle[\\/]checks[\\/]whitespace[\\/]typecastparenpad[\\/]InputTypecastParenPadWhitespace\.java"/>
  <suppress checks="FileLength"
    files="[\\/]test[\\/]resources[\\/]com[\\/]puppycrawl[\\/]tools[\\/]checkstyle[\\/]checks[\\/]upperell[\\/]InputUpperEllSemantic\.java"/>
  <suppress checks="FileLength"
    files="[\\/]test[\\/]resources[\\/]com[\\/]puppycrawl[\\/]tools[\\/]checkstyle[\\/]checks[\\/]blocks[\\/]emptycatchblock[\\/]InputEmptyCatchBlockDefaultLF\.java"/>
  <suppress checks="FileLength"
    files="[\\/]test[\\/]resources[\\/]com[\\/]puppycrawl[\\/]tools[\\/]checkstyle[\\/]checks[\\/]blocks[\\/]emptycatchblock[\\/]InputEmptyCatchBlockDefault2\.java"/>
  <suppress checks="FileLength"
    files="[\\/]test[\\/]resources[\\/]com[\\/]puppycrawl[\\/]tools[\\/]checkstyle[\\/]checks[\\/]blocks[\\/]emptycatchblock[\\/]InputEmptyCatchBlockDefault\.java"/>
  <suppress checks="FileLength"
    files="[\\/]test[\\/]resources[\\/]com[\\/]puppycrawl[\\/]tools[\\/]checkstyle[\\/]checks[\\/]blocks[\\/]rightcurly[\\/]InputRightCurlyTestAloneOrSingleline\.java"/>
  <suppress checks="FileLength"
    files="[\\/]test[\\/]resources[\\/]com[\\/]puppycrawl[\\/]tools[\\/]checkstyle[\\/]checks[\\/]blocks[\\/]rightcurly[\\/]InputRightCurlyLeftTestNewLine\.java"/>
  <suppress checks="FileLength"
    files="[\\/]test[\\/]resources[\\/]com[\\/]puppycrawl[\\/]tools[\\/]checkstyle[\\/]checks[\\/]blocks[\\/]rightcurly[\\/]InputRightCurlyLeftTestDefault\.java"/>
  <suppress checks="FileLength"
    files="[\\/]test[\\/]resources[\\/]com[\\/]puppycrawl[\\/]tools[\\/]checkstyle[\\/]checks[\\/]blocks[\\/]rightcurly[\\/]InputRightCurlyLeftTestShouldStartLine2\.java"/>
  <suppress checks="FileLength"
    files="[\\/]test[\\/]resources[\\/]com[\\/]puppycrawl[\\/]tools[\\/]checkstyle[\\/]checks[\\/]blocks[\\/]rightcurly[\\/]InputRightCurlyLeftTestSame\.java"/>
  <suppress checks="FileLength"
    files="[\\/]test[\\/]resources[\\/]com[\\/]puppycrawl[\\/]tools[\\/]checkstyle[\\/]checks[\\/]blocks[\\/]rightcurly[\\/]InputRightCurlyLeftTestAlone\.java"/>
  <suppress checks="FileLength"
    files="[\\/]test[\\/]resources[\\/]com[\\/]puppycrawl[\\/]tools[\\/]checkstyle[\\/]checks[\\/]blocks[\\/]rightcurly[\\/]InputRightCurlyTestWithAnnotations\.java"/>
  <suppress checks="FileLength"
    files="[\\/]test[\\/]resources[\\/]com[\\/]puppycrawl[\\/]tools[\\/]checkstyle[\\/]checks[\\/]blocks[\\/]needbraces[\\/]InputNeedBracesTestSingleLineCaseDefault\.java"/>
  <suppress checks="FileLength"
    files="[\\/]test[\\/]resources[\\/]com[\\/]puppycrawl[\\/]tools[\\/]checkstyle[\\/]checks[\\/]blocks[\\/]needbraces[\\/]InputNeedBracesLoopBodyFalse\.java"/>
  <suppress checks="FileLength"
    files="[\\/]test[\\/]resources[\\/]com[\\/]puppycrawl[\\/]tools[\\/]checkstyle[\\/]checks[\\/]blocks[\\/]needbraces[\\/]InputNeedBracesTestIt\.java"/>
  <suppress checks="FileLength"
    files="[\\/]test[\\/]resources[\\/]com[\\/]puppycrawl[\\/]tools[\\/]checkstyle[\\/]checks[\\/]blocks[\\/]needbraces[\\/]InputNeedBracesTestItWithAllowsOn\.java"/>
  <suppress checks="FileLength"
    files="[\\/]test[\\/]resources[\\/]com[\\/]puppycrawl[\\/]tools[\\/]checkstyle[\\/]checks[\\/]blocks[\\/]needbraces[\\/]InputNeedBracesSingleLineStatements\.java"/>
  <suppress checks="FileLength"
    files="[\\/]test[\\/]resources[\\/]com[\\/]puppycrawl[\\/]tools[\\/]checkstyle[\\/]checks[\\/]blocks[\\/]needbraces[\\/]InputNeedBracesLoopBodyTrue\.java"/>
  <suppress checks="FileLength"
    files="[\\/]test[\\/]resources[\\/]com[\\/]puppycrawl[\\/]tools[\\/]checkstyle[\\/]checks[\\/]blocks[\\/]leftcurly[\\/]InputLeftCurlyTestMissingBraces\.java"/>
  <suppress checks="FileLength"
    files="[\\/]test[\\/]resources[\\/]com[\\/]puppycrawl[\\/]tools[\\/]checkstyle[\\/]checks[\\/]blocks[\\/]leftcurly[\\/]InputLeftCurlyTestDefault3\.java"/>
  <suppress checks="FileLength"
    files="[\\/]test[\\/]resources[\\/]com[\\/]puppycrawl[\\/]tools[\\/]checkstyle[\\/]checks[\\/]blocks[\\/]leftcurly[\\/]InputLeftCurlyTestNewLine3\.java"/>
  <suppress checks="FileLength"
    files="[\\/]test[\\/]resources[\\/]com[\\/]puppycrawl[\\/]tools[\\/]checkstyle[\\/]checks[\\/]design[\\/]visibilitymodifier[\\/]InputVisibilityModifierSimple\.java"/>
  <suppress checks="FileLength"
    files="[\\/]test[\\/]resources[\\/]com[\\/]puppycrawl[\\/]tools[\\/]checkstyle[\\/]checks[\\/]design[\\/]designforextension[\\/]InputDesignForExtensionIgnoredAnnotations\.java"/>
  <suppress checks="FileLength"
    files="[\\/]test[\\/]resources[\\/]com[\\/]puppycrawl[\\/]tools[\\/]checkstyle[\\/]checks[\\/]design[\\/]designforextension[\\/]InputDesignForExtension\.java"/>
  <suppress checks="FileLength"
    files="[\\/]test[\\/]resources[\\/]com[\\/]puppycrawl[\\/]tools[\\/]checkstyle[\\/]checks[\\/]design[\\/]designforextension[\\/]InputDesignForExtensionOverridableMethods\.java"/>
  <suppress checks="FileLength"
    files="[\\/]test[\\/]resources[\\/]com[\\/]puppycrawl[\\/]tools[\\/]checkstyle[\\/]checks[\\/]design[\\/]finalclass[\\/]InputFinalClass\.java"/>
  <suppress checks="FileLength"
    files="[\\/]test[\\/]resources[\\/]com[\\/]puppycrawl[\\/]tools[\\/]checkstyle[\\/]checks[\\/]finalparameters[\\/]InputFinalParameters4\.java"/>
  <suppress checks="FileLength"
    files="[\\/]test[\\/]resources[\\/]com[\\/]puppycrawl[\\/]tools[\\/]checkstyle[\\/]checks[\\/]finalparameters[\\/]InputFinalParameters2\.java"/>
  <suppress checks="FileLength"
    files="[\\/]test[\\/]resources[\\/]com[\\/]puppycrawl[\\/]tools[\\/]checkstyle[\\/]checks[\\/]finalparameters[\\/]InputFinalParameters5\.java"/>
  <suppress checks="FileLength"
    files="[\\/]test[\\/]resources[\\/]com[\\/]puppycrawl[\\/]tools[\\/]checkstyle[\\/]checks[\\/]finalparameters[\\/]InputFinalParameters3\.java"/>
  <suppress checks="FileLength"
    files="[\\/]test[\\/]resources[\\/]com[\\/]puppycrawl[\\/]tools[\\/]checkstyle[\\/]checks[\\/]finalparameters[\\/]InputFinalParameters\.java"/>
  <suppress checks="FileLength"
    files="[\\/]test[\\/]resources[\\/]com[\\/]puppycrawl[\\/]tools[\\/]checkstyle[\\/]checks[\\/]modifier[\\/]redundantmodifier[\\/]InputRedundantModifierIt\.java"/>
  <suppress checks="FileLength"
    files="[\\/]test[\\/]resources[\\/]com[\\/]puppycrawl[\\/]tools[\\/]checkstyle[\\/]checks[\\/]modifier[\\/]modifierorder[\\/]InputModifierOrderTypeAnnotations\.java"/>
  <suppress checks="FileLength"
    files="[\\/]test[\\/]resources[\\/]com[\\/]puppycrawl[\\/]tools[\\/]checkstyle[\\/]checks[\\/]modifier[\\/]modifierorder[\\/]InputModifierOrderIt\.java"/>
  <suppress checks="FileLength"
    files="[\\/]test[\\/]resources[\\/]com[\\/]puppycrawl[\\/]tools[\\/]checkstyle[\\/]checks[\\/]metrics[\\/]cyclomaticcomplexity[\\/]InputCyclomaticComplexity\.java"/>
  <suppress checks="FileLength"
    files="[\\/]test[\\/]resources[\\/]com[\\/]puppycrawl[\\/]tools[\\/]checkstyle[\\/]checks[\\/]metrics[\\/]classfanoutcomplexity[\\/]InputClassFanOutComplexityRemoveIncorrectAnnotationToken\.java"/>
  <suppress checks="FileLength"
    files="[\\/]test[\\/]resources[\\/]com[\\/]puppycrawl[\\/]tools[\\/]checkstyle[\\/]checks[\\/]metrics[\\/]npathcomplexity[\\/]InputNPathComplexityOverflow\.java"/>
  <suppress checks="FileLength"
    files="[\\/]test[\\/]resources[\\/]com[\\/]puppycrawl[\\/]tools[\\/]checkstyle[\\/]checks[\\/]metrics[\\/]npathcomplexity[\\/]InputNPathComplexity\.java"/>
  <suppress checks="FileLength"
    files="[\\/]test[\\/]resources[\\/]com[\\/]puppycrawl[\\/]tools[\\/]checkstyle[\\/]checks[\\/]metrics[\\/]npathcomplexity[\\/]InputNPathComplexityDefault\.java"/>
  <suppress checks="FileLength"
    files="[\\/]test[\\/]resources[\\/]com[\\/]puppycrawl[\\/]tools[\\/]checkstyle[\\/]checks[\\/]metrics[\\/]npathcomplexity[\\/]InputNPathComplexityDefault2\.java"/>
  <suppress checks="FileLength"
    files="[\\/]test[\\/]resources[\\/]com[\\/]puppycrawl[\\/]tools[\\/]checkstyle[\\/]checks[\\/]naming[\\/]packagename[\\/]InputPackageNameSimple1\.java"/>
  <suppress checks="FileLength"
    files="[\\/]test[\\/]resources[\\/]com[\\/]puppycrawl[\\/]tools[\\/]checkstyle[\\/]checks[\\/]naming[\\/]packagename[\\/]InputPackageNameSimple\.java"/>
  <suppress checks="FileLength"
    files="[\\/]test[\\/]resources[\\/]com[\\/]puppycrawl[\\/]tools[\\/]checkstyle[\\/]checks[\\/]naming[\\/]catchparametername[\\/]InputCatchParameterNameSimple\.java"/>
  <suppress checks="FileLength"
    files="[\\/]test[\\/]resources[\\/]com[\\/]puppycrawl[\\/]tools[\\/]checkstyle[\\/]checks[\\/]naming[\\/]membername[\\/]InputMemberNameSimple\.java"/>
  <suppress checks="FileLength"
    files="[\\/]test[\\/]resources[\\/]com[\\/]puppycrawl[\\/]tools[\\/]checkstyle[\\/]checks[\\/]naming[\\/]localvariablename[\\/]InputLocalVariableName\.java"/>
  <suppress checks="FileLength"
    files="[\\/]test[\\/]resources[\\/]com[\\/]puppycrawl[\\/]tools[\\/]checkstyle[\\/]checks[\\/]naming[\\/]staticvariablename[\\/]InputStaticVariableName2\.java"/>
  <suppress checks="FileLength"
    files="[\\/]test[\\/]resources[\\/]com[\\/]puppycrawl[\\/]tools[\\/]checkstyle[\\/]checks[\\/]naming[\\/]staticvariablename[\\/]InputStaticVariableName1\.java"/>
  <suppress checks="FileLength"
    files="[\\/]test[\\/]resources[\\/]com[\\/]puppycrawl[\\/]tools[\\/]checkstyle[\\/]checks[\\/]naming[\\/]methodname[\\/]InputMethodNameSimple\.java"/>
  <suppress checks="FileLength"
    files="[\\/]test[\\/]resources[\\/]com[\\/]puppycrawl[\\/]tools[\\/]checkstyle[\\/]checks[\\/]naming[\\/]localfinalvariablename[\\/]InputLocalFinalVariableName\.java"/>
  <suppress checks="FileLength"
    files="[\\/]test[\\/]resources[\\/]com[\\/]puppycrawl[\\/]tools[\\/]checkstyle[\\/]checks[\\/]naming[\\/]localfinalvariablename[\\/]InputLocalFinalVariableName1\.java"/>
  <suppress checks="FileLength"
    files="[\\/]test[\\/]resources[\\/]com[\\/]puppycrawl[\\/]tools[\\/]checkstyle[\\/]checks[\\/]naming[\\/]parametername[\\/]InputParameterName\.java"/>
  <suppress checks="FileLength"
    files="[\\/]test[\\/]resources[\\/]com[\\/]puppycrawl[\\/]tools[\\/]checkstyle[\\/]checks[\\/]naming[\\/]parametername[\\/]InputParameterNameOne\.java"/>
  <suppress checks="FileLength"
    files="[\\/]test[\\/]resources[\\/]com[\\/]puppycrawl[\\/]tools[\\/]checkstyle[\\/]checks[\\/]naming[\\/]constantname[\\/]InputConstantNameSimple1\.java"/>
  <suppress checks="FileLength"
    files="[\\/]test[\\/]resources[\\/]com[\\/]puppycrawl[\\/]tools[\\/]checkstyle[\\/]checks[\\/]naming[\\/]constantname[\\/]InputConstantNameSimple2\.java"/>
  <suppress checks="FileLength"
    files="[\\/]test[\\/]resources[\\/]com[\\/]puppycrawl[\\/]tools[\\/]checkstyle[\\/]checks[\\/]naming[\\/]abbreviationaswordinname[\\/]InputAbbreviationAsWordInNameIgnoreStaticKeepStaticFinal\.java"/>
  <suppress checks="FileLength"
    files="[\\/]test[\\/]resources[\\/]com[\\/]puppycrawl[\\/]tools[\\/]checkstyle[\\/]checks[\\/]naming[\\/]abbreviationaswordinname[\\/]InputAbbreviationAsWordInNameIgnore\.java"/>
  <suppress checks="FileLength"
    files="[\\/]test[\\/]resources[\\/]com[\\/]puppycrawl[\\/]tools[\\/]checkstyle[\\/]checks[\\/]naming[\\/]abbreviationaswordinname[\\/]InputAbbreviationAsWordInNameIgnoreStatic\.java"/>
  <suppress checks="FileLength"
    files="[\\/]test[\\/]resources[\\/]com[\\/]puppycrawl[\\/]tools[\\/]checkstyle[\\/]checks[\\/]naming[\\/]abbreviationaswordinname[\\/]InputAbbreviationAsWordInNameType3\.java"/>
  <suppress checks="FileLength"
    files="[\\/]test[\\/]resources[\\/]com[\\/]puppycrawl[\\/]tools[\\/]checkstyle[\\/]checks[\\/]naming[\\/]abbreviationaswordinname[\\/]InputAbbreviationAsWordInNameType2\.java"/>
  <suppress checks="FileLength"
    files="[\\/]test[\\/]resources[\\/]com[\\/]puppycrawl[\\/]tools[\\/]checkstyle[\\/]checks[\\/]naming[\\/]abbreviationaswordinname[\\/]InputAbbreviationAsWordInNameIgnoreStaticFinal\.java"/>
  <suppress checks="FileLength"
    files="[\\/]test[\\/]resources[\\/]com[\\/]puppycrawl[\\/]tools[\\/]checkstyle[\\/]checks[\\/]naming[\\/]abbreviationaswordinname[\\/]InputAbbreviationAsWordInNameType\.java"/>
  <suppress checks="FileLength"
    files="[\\/]test[\\/]resources[\\/]com[\\/]puppycrawl[\\/]tools[\\/]checkstyle[\\/]checks[\\/]naming[\\/]abbreviationaswordinname[\\/]InputAbbreviationAsWordInNameIgnoreNonStaticFinal\.java"/>
  <suppress checks="FileLength"
    files="[\\/]test[\\/]resources[\\/]com[\\/]puppycrawl[\\/]tools[\\/]checkstyle[\\/]checks[\\/]naming[\\/]abbreviationaswordinname[\\/]InputAbbreviationAsWordInNameType5\.java"/>
  <suppress checks="FileLength"
    files="[\\/]test[\\/]resources[\\/]com[\\/]puppycrawl[\\/]tools[\\/]checkstyle[\\/]checks[\\/]naming[\\/]abbreviationaswordinname[\\/]InputAbbreviationAsWordInNameIgnoreFinalKeepStaticFinal\.java"/>
  <suppress checks="FileLength"
    files="[\\/]test[\\/]resources[\\/]com[\\/]puppycrawl[\\/]tools[\\/]checkstyle[\\/]checks[\\/]naming[\\/]abbreviationaswordinname[\\/]InputAbbreviationAsWordInNameType4\.java"/>
  <suppress checks="FileLength"
    files="[\\/]test[\\/]resources[\\/]com[\\/]puppycrawl[\\/]tools[\\/]checkstyle[\\/]checks[\\/]naming[\\/]abbreviationaswordinname[\\/]InputAbbreviationAsWordInNameIgnoreFinal\.java"/>
  <suppress checks="FileLength"
    files="[\\/]test[\\/]resources[\\/]com[\\/]puppycrawl[\\/]tools[\\/]checkstyle[\\/]checks[\\/]naming[\\/]abbreviationaswordinname[\\/]InputAbbreviationAsWordInNameNoIgnore\.java"/>
  <suppress checks="FileLength"
    files="[\\/]test[\\/]resources[\\/]com[\\/]puppycrawl[\\/]tools[\\/]checkstyle[\\/]checks[\\/]naming[\\/]abbreviationaswordinname[\\/]InputAbbreviationAsWordInNameType6\.java"/>
  <suppress checks="FileLength"
    files="[\\/]test[\\/]resources[\\/]com[\\/]puppycrawl[\\/]tools[\\/]checkstyle[\\/]grammar[\\/]InputRegressionJavaClass1\.java"/>
  <suppress checks="FileLength"
    files="[\\/]test[\\/]resources[\\/]com[\\/]puppycrawl[\\/]tools[\\/]checkstyle[\\/]grammar[\\/]antlr4[\\/]InputAntlr4AstRegressionCassandraInputWithComments\.java"/>
  <suppress checks="FileLength"
    files="[\\/]test[\\/]resources[\\/]com[\\/]puppycrawl[\\/]tools[\\/]checkstyle[\\/]grammar[\\/]antlr4[\\/]InputAntlr4AstRegressionCommentsOnAnnotationsAndEnums\.java"/>
  <suppress checks="FileLength"
    files="[\\/]test[\\/]resources[\\/]com[\\/]puppycrawl[\\/]tools[\\/]checkstyle[\\/]grammar[\\/]antlr4[\\/]InputAntlr4AstRegressionTrickySwitch\.java"/>
  <suppress checks="FileLength"
    files="[\\/]test[\\/]resources[\\/]com[\\/]puppycrawl[\\/]tools[\\/]checkstyle[\\/]grammar[\\/]antlr4[\\/]InputAntlr4AstRegressionKeywordsAndOperators\.java"/>
  <suppress checks="FileLength"
    files="[\\/]test[\\/]resources[\\/]com[\\/]puppycrawl[\\/]tools[\\/]checkstyle[\\/]grammar[\\/]antlr4[\\/]InputRegressionJavaClass1\.java"/>
  <suppress checks="FileLength"
    files="[\\/]test[\\/]resources[\\/]com[\\/]puppycrawl[\\/]tools[\\/]checkstyle[\\/]grammar[\\/]antlr4[\\/]InputAntlr4AstRegressionTrickySwitchWithComments\.java"/>
  <suppress checks="FileLength"
    files="[\\/]test[\\/]resources[\\/]com[\\/]puppycrawl[\\/]tools[\\/]checkstyle[\\/]grammar[\\/]antlr4[\\/]InputAntlr4AstRegressionFallThroughDefault\.java"/>
  <suppress checks="FileLength"
    files="[\\/]test[\\/]resources[\\/]com[\\/]puppycrawl[\\/]tools[\\/]checkstyle[\\/]grammar[\\/]antlr4[\\/]InputAntlr4AstRegressionNewTypeTree\.java"/>
  <suppress checks="FileLength"
    files="[\\/]test[\\/]resources[\\/]com[\\/]puppycrawl[\\/]tools[\\/]checkstyle[\\/]meta[\\/]javadocmetadatascraper[\\/]InputJavadocMetadataScraperAnnotationUseStyleCheck\.java"/>
  <suppress checks="FileLength"
    files="[\\/]test[\\/]resources[\\/]com[\\/]puppycrawl[\\/]tools[\\/]checkstyle[\\/]xpath[\\/]xpathmapper[\\/]InputXpathMapperStringConcat\.java"/>
  <suppress checks="FileLength"
    files="[\\/]test[\\/]resources[\\/]com[\\/]puppycrawl[\\/]tools[\\/]checkstyle[\\/]filters[\\/]suppressioncommentfilter[\\/]InputSuppressionCommentFilter11\.java"/>
  <suppress checks="FileLength"
    files="[\\/]test[\\/]resources[\\/]com[\\/]puppycrawl[\\/]tools[\\/]checkstyle[\\/]filters[\\/]suppressioncommentfilter[\\/]InputSuppressionCommentFilter3\.java"/>
  <suppress checks="FileLength"
    files="[\\/]test[\\/]resources[\\/]com[\\/]puppycrawl[\\/]tools[\\/]checkstyle[\\/]filters[\\/]suppressioncommentfilter[\\/]InputSuppressionCommentFilter4\.java"/>
  <suppress checks="FileLength"
    files="[\\/]test[\\/]resources[\\/]com[\\/]puppycrawl[\\/]tools[\\/]checkstyle[\\/]filters[\\/]suppressioncommentfilter[\\/]InputSuppressionCommentFilter9\.java"/>
  <suppress checks="FileLength"
    files="[\\/]test[\\/]resources[\\/]com[\\/]puppycrawl[\\/]tools[\\/]checkstyle[\\/]filters[\\/]suppressioncommentfilter[\\/]InputSuppressionCommentFilter6\.java"/>
  <suppress checks="FileLength"
    files="[\\/]test[\\/]resources[\\/]com[\\/]puppycrawl[\\/]tools[\\/]checkstyle[\\/]filters[\\/]suppressioncommentfilter[\\/]InputSuppressionCommentFilter7\.java"/>
  <suppress checks="FileLength"
    files="[\\/]test[\\/]resources[\\/]com[\\/]puppycrawl[\\/]tools[\\/]checkstyle[\\/]filters[\\/]suppressioncommentfilter[\\/]InputSuppressionCommentFilter2\.java"/>
  <suppress checks="FileLength"
    files="[\\/]test[\\/]resources[\\/]com[\\/]puppycrawl[\\/]tools[\\/]checkstyle[\\/]filters[\\/]suppressioncommentfilter[\\/]InputSuppressionCommentFilter8\.java"/>
  <suppress checks="FileLength"
    files="[\\/]test[\\/]resources[\\/]com[\\/]puppycrawl[\\/]tools[\\/]checkstyle[\\/]filters[\\/]suppressioncommentfilter[\\/]InputSuppressionCommentFilter10\.java"/>
  <suppress checks="FileLength"
    files="[\\/]test[\\/]resources[\\/]com[\\/]puppycrawl[\\/]tools[\\/]checkstyle[\\/]filters[\\/]suppressioncommentfilter[\\/]InputSuppressionCommentFilter5\.java"/>
  <suppress checks="FileLength"
    files="[\\/]test[\\/]resources[\\/]com[\\/]puppycrawl[\\/]tools[\\/]checkstyle[\\/]main[\\/]InputMainComplexityOverflow\.java"/>
  <suppress checks="FileLength"
    files="[\\/]test[\\/]resources-noncompilable[\\/]com[\\/]puppycrawl[\\/]tools[\\/]checkstyle[\\/]checks[\\/]javadoc[\\/]atclauseorder[\\/]InputAtclauseOrderLotsOfRecords\.java"/>
  <suppress checks="FileLength"
    files="[\\/]test[\\/]resources-noncompilable[\\/]com[\\/]puppycrawl[\\/]tools[\\/]checkstyle[\\/]checks[\\/]sizes[\\/]recordcomponentnumber[\\/]InputRecordComponentNumberMax1\.java"/>
  <suppress checks="FileLength"
    files="[\\/]test[\\/]resources-noncompilable[\\/]com[\\/]puppycrawl[\\/]tools[\\/]checkstyle[\\/]checks[\\/]sizes[\\/]recordcomponentnumber[\\/]InputRecordComponentNumberMax20\.java"/>
  <suppress checks="FileLength"
    files="[\\/]test[\\/]resources-noncompilable[\\/]com[\\/]puppycrawl[\\/]tools[\\/]checkstyle[\\/]checks[\\/]sizes[\\/]recordcomponentnumber[\\/]InputRecordComponentNumberPrivateModifier\.java"/>
  <suppress checks="FileLength"
    files="[\\/]test[\\/]resources-noncompilable[\\/]com[\\/]puppycrawl[\\/]tools[\\/]checkstyle[\\/]checks[\\/]sizes[\\/]recordcomponentnumber[\\/]InputRecordComponentNumber\.java"/>
  <suppress checks="FileLength"
    files="[\\/]test[\\/]resources-noncompilable[\\/]com[\\/]puppycrawl[\\/]tools[\\/]checkstyle[\\/]checks[\\/]coding[\\/]variabledeclarationusagedistance[\\/]InputVariableDeclarationUsageDistanceCheckSwitchExpressions\.java"/>
  <suppress checks="FileLength"
    files="[\\/]test[\\/]resources-noncompilable[\\/]com[\\/]puppycrawl[\\/]tools[\\/]checkstyle[\\/]checks[\\/]coding[\\/]finallocalvariable[\\/]InputFinalLocalVariableCheckSwitchExpressions\.java"/>
  <suppress checks="FileLength"
    files="[\\/]test[\\/]resources-noncompilable[\\/]com[\\/]puppycrawl[\\/]tools[\\/]checkstyle[\\/]checks[\\/]coding[\\/]multiplestringliterals[\\/]InputMultipleStringLiteralsTextBlocks\.java"/>
  <suppress checks="FileLength"
    files="[\\/]test[\\/]resources-noncompilable[\\/]com[\\/]puppycrawl[\\/]tools[\\/]checkstyle[\\/]checks[\\/]blocks[\\/]needbraces[\\/]InputNeedBracesTestSwitchExpression\.java"/>
  <suppress checks="FileLength"
    files="[\\/]test[\\/]resources-noncompilable[\\/]com[\\/]puppycrawl[\\/]tools[\\/]checkstyle[\\/]checks[\\/]blocks[\\/]emptyblock[\\/]InputEmptyBlockSwitchExpressions\.java"/>
  <suppress checks="FileLength"
    files="[\\/]test[\\/]resources-noncompilable[\\/]com[\\/]puppycrawl[\\/]tools[\\/]checkstyle[\\/]checks[\\/]metrics[\\/]cyclomaticcomplexity[\\/]InputCyclomaticComplexityRecords\.java"/>
  <suppress checks="FileLength"
    files="[\\/]test[\\/]resources-noncompilable[\\/]com[\\/]puppycrawl[\\/]tools[\\/]checkstyle[\\/]checks[\\/]metrics[\\/]javancss[\\/]InputJavaNCSSRecordsAndCompactCtors\.java"/>
  <suppress checks="FileLength"
    files="[\\/]test[\\/]resources-noncompilable[\\/]com[\\/]puppycrawl[\\/]tools[\\/]checkstyle[\\/]grammar[\\/]java14[\\/]InputJava14TextBlocks\.java"/>
  <suppress checks="FileLength"
    files="[\\/]test[\\/]resources-noncompilable[\\/]com[\\/]puppycrawl[\\/]tools[\\/]checkstyle[\\/]grammar[\\/]java14[\\/]InputJava14SwitchExpression\.java"/>
  <suppress checks="FileLength"
    files="[\\/]test[\\/]resources-noncompilable[\\/]com[\\/]puppycrawl[\\/]tools[\\/]checkstyle[\\/]grammar[\\/]java14[\\/]InputJava14InstanceofWithPatternMatching\.java"/>
  <suppress checks="FileLength"
    files="[\\/]test[\\/]resources-noncompilable[\\/]com[\\/]puppycrawl[\\/]tools[\\/]checkstyle[\\/]grammar[\\/]java14[\\/]InputJava14Records\.java"/>
  <suppress checks="FileLength"
    files="[\\/]test[\\/]resources-noncompilable[\\/]com[\\/]puppycrawl[\\/]tools[\\/]checkstyle[\\/]grammar[\\/]antlr4[\\/]InputAntlr4AstRegressionUncommon\.java"/>
  <suppress checks="FileLength"
    files="[\\/]test[\\/]resources-noncompilable[\\/]com[\\/]puppycrawl[\\/]tools[\\/]checkstyle[\\/]javaparser[\\/]InputJavaParserFullJavaIdentifierSupport\.java"/>
  <suppress checks="FileLength"
    files="[\\/]it[\\/]resources[\\/]com[\\/]google[\\/]checkstyle[\\/]test[\\/]chapter2filebasic[\\/]rule231filetab[\\/]InputFileTabCharacter\.java"/>
  <suppress checks="FileLength"
    files="[\\/]it[\\/]resources[\\/]com[\\/]google[\\/]checkstyle[\\/]test[\\/]chapter2filebasic[\\/]rule232specialescape[\\/]InputIllegalTokenText\.java"/>
  <suppress checks="FileLength"
    files="[\\/]it[\\/]resources[\\/]com[\\/]google[\\/]checkstyle[\\/]test[\\/]chapter7javadoc[\\/]rule72thesummaryfragment[\\/]InputCorrectSummaryJavaDocCheck\.java"/>
  <suppress checks="FileLength"
    files="[\\/]it[\\/]resources[\\/]com[\\/]google[\\/]checkstyle[\\/]test[\\/]chapter7javadoc[\\/]rule713atclauses[\\/]InputIncorrectAtClauseOrderCheck\.java"/>
  <suppress checks="FileLength"
    files="[\\/]it[\\/]resources[\\/]com[\\/]google[\\/]checkstyle[\\/]test[\\/]chapter7javadoc[\\/]rule713atclauses[\\/]InputJavaDocTagContinuationIndentation\.java"/>
  <suppress checks="FileLength"
    files="[\\/]it[\\/]resources[\\/]com[\\/]google[\\/]checkstyle[\\/]test[\\/]chapter7javadoc[\\/]rule713atclauses[\\/]InputCorrectAtClauseOrderCheck\.java"/>
  <suppress checks="FileLength"
    files="[\\/]it[\\/]resources[\\/]com[\\/]google[\\/]checkstyle[\\/]test[\\/]chapter4formatting[\\/]rule411bracesareused[\\/]InputNeedBraces\.java"/>
  <suppress checks="FileLength"
    files="[\\/]it[\\/]resources[\\/]com[\\/]google[\\/]checkstyle[\\/]test[\\/]chapter4formatting[\\/]rule4861blockcommentstyle[\\/]InputCommentsIndentationCommentIsAtTheEndOfBlock\.java"/>
  <suppress checks="FileLength"
    files="[\\/]it[\\/]resources[\\/]com[\\/]google[\\/]checkstyle[\\/]test[\\/]chapter4formatting[\\/]rule4861blockcommentstyle[\\/]InputCommentsIndentationSurroundingCode\.java"/>
  <suppress checks="FileLength"
    files="[\\/]it[\\/]resources[\\/]com[\\/]google[\\/]checkstyle[\\/]test[\\/]chapter4formatting[\\/]rule4861blockcommentstyle[\\/]InputCommentsIndentationInSwitchBlock\.java"/>
  <suppress checks="FileLength"
    files="[\\/]it[\\/]resources[\\/]com[\\/]google[\\/]checkstyle[\\/]test[\\/]chapter4formatting[\\/]rule413emptyblocks[\\/]InputEmptyBlockBasic\.java"/>
  <suppress checks="FileLength"
    files="[\\/]it[\\/]resources[\\/]com[\\/]google[\\/]checkstyle[\\/]test[\\/]chapter4formatting[\\/]rule4842fallthrough[\\/]InputFallThrough\.java"/>
  <suppress checks="FileLength"
    files="[\\/]it[\\/]resources[\\/]com[\\/]google[\\/]checkstyle[\\/]test[\\/]chapter4formatting[\\/]rule43onestatement[\\/]InputOneStatementPerLine\.java"/>
  <suppress checks="FileLength"
    files="[\\/]it[\\/]resources[\\/]com[\\/]google[\\/]checkstyle[\\/]test[\\/]chapter4formatting[\\/]rule452indentcontinuationlines[\\/]InputIndentationCorrectIfAndParameter\.java"/>
  <suppress checks="FileLength"
    files="[\\/]it[\\/]resources[\\/]com[\\/]google[\\/]checkstyle[\\/]test[\\/]chapter4formatting[\\/]rule452indentcontinuationlines[\\/]InputIndentationCorrectReturnAndParameter\.java"/>
  <suppress checks="FileLength"
    files="[\\/]it[\\/]resources[\\/]com[\\/]google[\\/]checkstyle[\\/]test[\\/]chapter4formatting[\\/]rule452indentcontinuationlines[\\/]InputIndentationCorrectWhileDoWhileAndParameter\.java"/>
  <suppress checks="FileLength"
    files="[\\/]it[\\/]resources[\\/]com[\\/]google[\\/]checkstyle[\\/]test[\\/]chapter4formatting[\\/]rule452indentcontinuationlines[\\/]InputIndentationCorrectFieldAndParameter\.java"/>
  <suppress checks="FileLength"
    files="[\\/]it[\\/]resources[\\/]com[\\/]google[\\/]checkstyle[\\/]test[\\/]chapter4formatting[\\/]rule42blockindentation[\\/]InputIndentationCorrectIfAndParameter\.java"/>
  <suppress checks="FileLength"
    files="[\\/]it[\\/]resources[\\/]com[\\/]google[\\/]checkstyle[\\/]test[\\/]chapter4formatting[\\/]rule42blockindentation[\\/]InputIndentationCorrectReturnAndParameter\.java"/>
  <suppress checks="FileLength"
    files="[\\/]it[\\/]resources[\\/]com[\\/]google[\\/]checkstyle[\\/]test[\\/]chapter4formatting[\\/]rule42blockindentation[\\/]InputIndentationCorrectWhileDoWhileAndParameter\.java"/>
  <suppress checks="FileLength"
    files="[\\/]it[\\/]resources[\\/]com[\\/]google[\\/]checkstyle[\\/]test[\\/]chapter4formatting[\\/]rule42blockindentation[\\/]InputIndentationCorrectFieldAndParameter\.java"/>
  <suppress checks="FileLength"
    files="[\\/]it[\\/]resources[\\/]com[\\/]google[\\/]checkstyle[\\/]test[\\/]chapter4formatting[\\/]rule412nonemptyblocks[\\/]InputRightCurlyOtherAlone\.java"/>
  <suppress checks="FileLength"
    files="[\\/]it[\\/]resources[\\/]com[\\/]google[\\/]checkstyle[\\/]test[\\/]chapter4formatting[\\/]rule412nonemptyblocks[\\/]InputRightCurlyOther\.java"/>
  <suppress checks="FileLength"
    files="[\\/]it[\\/]resources[\\/]com[\\/]google[\\/]checkstyle[\\/]test[\\/]chapter4formatting[\\/]rule412nonemptyblocks[\\/]InputLeftCurlyBraces\.java"/>
  <suppress checks="FileLength"
    files="[\\/]it[\\/]resources[\\/]com[\\/]google[\\/]checkstyle[\\/]test[\\/]chapter4formatting[\\/]rule44columnlimit[\\/]InputLineLength\.java"/>
  <suppress checks="FileLength"
    files="[\\/]it[\\/]resources[\\/]com[\\/]google[\\/]checkstyle[\\/]test[\\/]chapter4formatting[\\/]rule4822variabledistance[\\/]InputVariableDeclarationUsageDistanceCheck\.java"/>
  <suppress checks="FileLength"
    files="[\\/]it[\\/]resources[\\/]com[\\/]google[\\/]checkstyle[\\/]test[\\/]chapter4formatting[\\/]rule461verticalwhitespace[\\/]InputEmptyLineSeparator\.java"/>
  <suppress checks="FileLength"
    files="[\\/]it[\\/]resources[\\/]com[\\/]google[\\/]checkstyle[\\/]test[\\/]chapter4formatting[\\/]rule451wheretobreak[\\/]InputOperatorWrap\.java"/>
  <suppress checks="FileLength"
    files="[\\/]it[\\/]resources[\\/]com[\\/]google[\\/]checkstyle[\\/]test[\\/]chapter4formatting[\\/]rule451wheretobreak[\\/]InputMethodParamPad\.java"/>
  <suppress checks="FileLength"
    files="[\\/]it[\\/]resources[\\/]com[\\/]google[\\/]checkstyle[\\/]test[\\/]chapter4formatting[\\/]rule487modifiers[\\/]InputModifierOrder\.java"/>
  <suppress checks="FileLength"
    files="[\\/]it[\\/]resources[\\/]com[\\/]google[\\/]checkstyle[\\/]test[\\/]chapter4formatting[\\/]rule4841indentation[\\/]InputIndentationCorrectIfAndParameter\.java"/>
  <suppress checks="FileLength"
    files="[\\/]it[\\/]resources[\\/]com[\\/]google[\\/]checkstyle[\\/]test[\\/]chapter4formatting[\\/]rule4841indentation[\\/]InputIndentationCorrectReturnAndParameter\.java"/>
  <suppress checks="FileLength"
    files="[\\/]it[\\/]resources[\\/]com[\\/]google[\\/]checkstyle[\\/]test[\\/]chapter4formatting[\\/]rule4841indentation[\\/]InputIndentationCorrectWhileDoWhileAndParameter\.java"/>
  <suppress checks="FileLength"
    files="[\\/]it[\\/]resources[\\/]com[\\/]google[\\/]checkstyle[\\/]test[\\/]chapter4formatting[\\/]rule4841indentation[\\/]InputIndentationCorrectFieldAndParameter\.java"/>
  <suppress checks="FileLength"
    files="[\\/]it[\\/]resources[\\/]com[\\/]google[\\/]checkstyle[\\/]test[\\/]chapter4formatting[\\/]rule462horizontalwhitespace[\\/]InputParenPad\.java"/>
  <suppress checks="FileLength"
    files="[\\/]it[\\/]resources[\\/]com[\\/]google[\\/]checkstyle[\\/]test[\\/]chapter4formatting[\\/]rule462horizontalwhitespace[\\/]InputWhitespaceAroundBasic\.java"/>
  <suppress checks="FileLength"
    files="[\\/]it[\\/]resources[\\/]com[\\/]google[\\/]checkstyle[\\/]test[\\/]chapter3filestructure[\\/]rule332nolinewrap[\\/]InputLineLength\.java"/>
  <suppress checks="FileLength"
    files="[\\/]it[\\/]resources[\\/]com[\\/]google[\\/]checkstyle[\\/]test[\\/]chapter3filestructure[\\/]rule3sourcefile[\\/]InputEmptyLineSeparator\.java"/>
  <suppress checks="FileLength"
    files="[\\/]it[\\/]resources[\\/]com[\\/]google[\\/]checkstyle[\\/]test[\\/]chapter5naming[\\/]rule525nonconstantfieldnames[\\/]InputMemberNameSimple\.java"/>
  <suppress checks="FileLength"
    files="[\\/]it[\\/]resources[\\/]com[\\/]google[\\/]checkstyle[\\/]test[\\/]chapter6programpractice[\\/]rule64finalizers[\\/]InputNoFinalizeExtend\.java"/>

</suppressions>
