<?xml version="1.0"?>

<!DOCTYPE suppressions PUBLIC
        "-//Checkstyle//DTD SuppressionFilter Configuration 1.1//EN"
        "https://checkstyle.org/dtds/suppressions_1_1.dtd">

<suppressions>

  <!-- Suppress miscellaneous files -->

  <suppress id="StyleValidationCommentInInputs" files="package-info.java"/>

  <!-- Suppress input files for following test classes, as they are not inputs related to
  check configuration. -->

  <suppress id="StyleValidationCommentInInputs" files="meta[\\/].*"/>

  <suppress id="StyleValidationCommentInInputs"
            files="asttreestringprinter[\\/].*.java"/>

  <suppress id="StyleValidationCommentInInputs"
            files="checker[\\/].*.java"/>

  <suppress id="StyleValidationCommentInInputs"
            files="detailastimpl[\\/]InputDetailAstImplJustToMakeStackoverflowError.java"/>

  <suppress id="StyleValidationCommentInInputs"
            files="header[\\/].*.java"/>

  <suppress id="StyleValidationCommentInInputs"
            files="internal[\\/]allchecks[\\/]InputAllChecksDefaultConfig.java"/>

  <suppress id="StyleValidationCommentInInputs"
            files="javadocdetailnodeparser[\\/]InputJavadocDetailNodeParser.java"/>

  <suppress id="StyleValidationCommentInInputs"
            files="javadocpropertiesgenerator[\\/].*.java"/>

  <suppress id="StyleValidationCommentInInputs"
            files="utils[\\/]checkutil[\\/]InputCheckUtilTest.java"/>

  <suppress id="StyleValidationCommentInInputs"
            files="suppresswarningsholder[\\/].*.java"/>

  <suppress id="StyleValidationCommentInInputs"
            files="packagenamesloader[\\/]InputPackageNamesLoaderNotXml.java"/>

  <suppress id="StyleValidationCommentInInputs"
            files="packageobjectfactory[\\/].*.java"/>

  <!-- until https://github.com/checkstyle/checkstyle/issues/10737 -->

  <suppress id="StyleValidationCommentInInputs"
            files="filters[\\/]suppressioncommentfilter[\\/]InputSuppressionCommentFilter.java"/>

  <suppress id="StyleValidationCommentInInputs"
            files="filters[\\/]suppressioncommentfilter[\\/]InputSuppressionCommentFilterSuppressById.java"/>

  <suppress id="StyleValidationCommentInInputs"
            files="filters[\\/]suppressionxpathfilter[\\/]InputSuppressionXpathFilter.java"/>

  <suppress id="StyleValidationCommentInInputs"
            files="filters[\\/]suppressionxpathsinglefilter[\\/]InputSuppressionXpathSingleFilter.java"/>

  <suppress id="StyleValidationCommentInInputs"
            files="filters[\\/]suppresswarningsfilter[\\/]InputSuppressWarningsFilterById.java"/>

  <suppress id="StyleValidationCommentInInputs"
            files="filters[\\/]suppresswarningsfilter[\\/]InputSuppressWarningsFilter.java"/>

  <suppress id="StyleValidationCommentInInputs"
            files="filters[\\/]suppresswithnearbycommentfilter[\\/]InputSuppressWithNearbyCommentFilterById.java"/>

  <suppress id="StyleValidationCommentInInputs"
            files="filters[\\/]suppresswithnearbycommentfilter[\\/]InputSuppressWithNearbyCommentFilter.java"/>

  <suppress id="StyleValidationCommentInInputs"
            files="filters[\\/]suppresswithplaintextcommentfilter[\\/]InputSuppressWithPlainTextCommentFilterCustomMessageFormat.java"/>

  <suppress id="StyleValidationCommentInInputs"
            files="filters[\\/]suppresswithplaintextcommentfilter[\\/]InputSuppressWithPlainTextCommentFilterSuppressById.java"/>

  <suppress id="StyleValidationCommentInInputs"
            files="filters[\\/]suppresswithplaintextcommentfilter[\\/]InputSuppressWithPlainTextCommentFilterWithCustomOnAndOffComments.java"/>

  <suppress id="StyleValidationCommentInInputs"
            files="filters[\\/]suppresswithplaintextcommentfilter[\\/]InputSuppressWithPlainTextCommentFilterWithDefaultCfg.java"/>

  <suppress id="StyleValidationCommentInInputs"
            files="filters[\\/]xpathfilterelement[\\/]InputXpathFilterElementSuppressByXpath.java"/>

  <!-- until https://github.com/checkstyle/checkstyle/issues/10663 -->
  <suppress id="StyleValidationCommentInInputs"
            files="indentation[\\/]indentation[\\/].*"/>

  <!-- needed for coverage -->
  <suppress id="StyleValidationCommentInInputs"
            files="coding[\\/]packagedeclaration[\\/]InputPackageDeclarationEmptyFile.java"/>

  <suppress id="StyleValidationCommentInInputs"
            files="nocodeinfile[\\/]InputNoCodeInFile1.java"/>

  <suppress id="StyleValidationCommentInInputs"
            files="nocodeinfile[\\/]InputNoCodeInFile2.java"/>

  <suppress id="StyleValidationCommentInInputs"
            files="regexp[\\/]regexponfilename[\\/]InputRegexpOnFilenameSemantic.java"/>

</suppressions>
